user_id;timestamp;;user_id,timestamp
703;12:00:02;;703,12 00 02 p. m.
77;12:00:04;;77,12 00 04 p. m.
861;12:00:20;;861,12 00 20 p. m.
68;12:00:30;;68,12 00 30 p. m.
416;12:00:34;;416,12 00 34 p. m.
60;12:00:35;;60,12 00 35 p. m.
766;12:00:56;;766,12 00 56 p. m.
218;12:01:33;;218,12 01 33 p. m.
767;12:01:51;;767,12 01 51 p. m.
725;12:01:55;;725,12 01 55 p. m.
372;12:01:58;;372,12 01 58 p. m.
785;12:02:10;;785,12 02 10 p. m.
861;12:02:31;;861,12 02 31 p. m.
684;12:02:51;;684,12 02 51 p. m.
407;12:02:52;;407,12 02 52 p. m.
562;12:02:53;;562,12 02 53 p. m.
694;12:03:00;;694,12 03 00 p. m.
562;12:03:00;;562,12 03 00 p. m.
136;12:03:13;;136,12 03 13 p. m.
550;12:03:26;;550,12 03 26 p. m.
285;12:03:36;;285,12 03 36 p. m.
566;12:03:42;;566,12 03 42 p. m.
812;12:03:46;;812,12 03 46 p. m.
315;12:03:52;;315,12 03 52 p. m.
8;12:04:10;;8,12 04 10 p. m.
230;12:04:12;;230,12 04 12 p. m.
443;12:04:14;;443,12 04 14 p. m.
837;12:04:17;;837,12 04 17 p. m.
79;12:04:28;;79,12 04 28 p. m.
436;12:04:44;;436,12 04 44 p. m.
269;12:04:50;;269,12 04 50 p. m.
970;12:05:03;;970,12 05 03 p. m.
579;12:05:35;;579,12 05 35 p. m.
136;12:05:35;;136,12 05 35 p. m.
507;12:05:36;;507,12 05 36 p. m.
327;12:05:36;;327,12 05 36 p. m.
76;12:05:48;;76,12 05 48 p. m.
31;12:05:48;;31,12 05 48 p. m.
547;12:05:50;;547,12 05 50 p. m.
136;12:05:54;;136,12 05 54 p. m.
19;12:05:57;;19,12 05 57 p. m.
566;12:06:06;;566,12 06 06 p. m.
601;12:06:08;;601,12 06 08 p. m.
343;12:06:21;;343,12 06 21 p. m.
516;12:06:22;;516,12 06 22 p. m.
739;12:06:26;;739,12 06 26 p. m.
154;12:06:28;;154,12 06 28 p. m.
480;12:06:31;;480,12 06 31 p. m.
59;12:06:34;;59,12 06 34 p. m.
469;12:06:38;;469,12 06 38 p. m.
338;12:06:40;;338,12 06 40 p. m.
343;12:06:58;;343,12 06 58 p. m.
136;12:07:16;;136,12 07 16 p. m.
760;12:07:29;;760,12 07 29 p. m.
970;12:07:40;;970,12 07 40 p. m.
481;12:07:40;;481,12 07 40 p. m.
795;12:07:57;;795,12 07 57 p. m.
70;12:07:58;;70,12 07 58 p. m.
795;12:08:14;;795,12 08 14 p. m.
812;12:08:14;;812,12 08 14 p. m.
537;12:08:15;;537,12 08 15 p. m.
285;12:08:22;;285,12 08 22 p. m.
566;12:08:31;;566,12 08 31 p. m.
136;12:08:34;;136,12 08 34 p. m.
632;12:08:43;;632,12 08 43 p. m.
136;12:09:04;;136,12 09 04 p. m.
722;12:09:07;;722,12 09 07 p. m.
950;12:09:09;;950,12 09 09 p. m.
78;12:09:11;;78,12 09 11 p. m.
900;12:09:20;;900,12 09 20 p. m.
537;12:09:24;;537,12 09 24 p. m.
855;12:09:30;;855,12 09 30 p. m.
633;12:09:40;;633,12 09 40 p. m.
329;12:09:46;;329,12 09 46 p. m.
78;12:09:57;;78,12 09 57 p. m.
531;12:10:25;;531,12 10 25 p. m.
997;12:10:29;;997,12 10 29 p. m.
837;12:10:33;;837,12 10 33 p. m.
136;12:10:54;;136,12 10 54 p. m.
76;12:10:58;;76,12 10 58 p. m.
173;12:11:05;;173,12 11 05 p. m.
227;12:11:10;;227,12 11 10 p. m.
136;12:11:11;;136,12 11 11 p. m.
542;12:11:33;;542,12 11 33 p. m.
401;12:11:42;;401,12 11 42 p. m.
431;12:11:46;;431,12 11 46 p. m.
613;12:11:58;;613,12 11 58 p. m.
227;12:12:06;;227,12 12 06 p. m.
837;12:12:11;;837,12 12 11 p. m.
673;12:12:12;;673,12 12 12 p. m.
70;12:12:27;;70,12 12 27 p. m.
250;12:12:31;;250,12 12 31 p. m.
166;12:12:38;;166,12 12 38 p. m.
722;12:12:42;;722,12 12 42 p. m.
835;12:12:51;;835,12 12 51 p. m.
970;12:13:07;;970,12 13 07 p. m.
618;12:13:10;;618,12 13 10 p. m.
367;12:13:11;;367,12 13 11 p. m.
739;12:13:19;;739,12 13 19 p. m.
734;12:13:27;;734,12 13 27 p. m.
684;12:13:59;;684,12 13 59 p. m.
432;12:14:04;;432,12 14 04 p. m.
613;12:14:05;;613,12 14 05 p. m.
548;12:14:12;;548,12 14 12 p. m.
303;12:14:25;;303,12 14 25 p. m.
970;12:14:39;;970,12 14 39 p. m.
241;12:14:50;;241,12 14 50 p. m.
10;12:14:52;;10,12 14 52 p. m.
343;12:15:01;;343,12 15 01 p. m.
62;12:15:45;;62,12 15 45 p. m.
115;12:15:45;;115,12 15 45 p. m.
579;12:15:46;;579,12 15 46 p. m.
550;12:15:50;;550,12 15 50 p. m.
59;12:15:51;;59,12 15 51 p. m.
343;12:15:55;;343,12 15 55 p. m.
76;12:16:09;;76,12 16 09 p. m.
970;12:16:10;;970,12 16 10 p. m.
340;12:16:24;;340,12 16 24 p. m.
739;12:16:33;;739,12 16 33 p. m.
644;12:16:42;;644,12 16 42 p. m.
333;12:16:45;;333,12 16 45 p. m.
372;12:16:54;;372,12 16 54 p. m.
136;12:16:56;;136,12 16 56 p. m.
32;12:17:03;;32,12 17 03 p. m.
136;12:17:33;;136,12 17 33 p. m.
770;12:17:34;;770,12 17 34 p. m.
85;12:17:47;;85,12 17 47 p. m.
68;12:17:48;;68,12 17 48 p. m.
970;12:18:05;;970,12 18 05 p. m.
338;12:18:09;;338,12 18 09 p. m.
665;12:18:10;;665,12 18 10 p. m.
35;12:18:25;;35,12 18 25 p. m.
507;12:18:26;;507,12 18 26 p. m.
835;12:18:27;;835,12 18 27 p. m.
859;12:18:27;;859,12 18 27 p. m.
433;12:18:31;;433,12 18 31 p. m.
411;12:18:35;;411,12 18 35 p. m.
837;12:19:09;;837,12 19 09 p. m.
725;12:19:20;;725,12 19 20 p. m.
343;12:19:24;;343,12 19 24 p. m.
457;12:19:26;;457,12 19 26 p. m.
566;12:19:31;;566,12 19 31 p. m.
154;12:19:34;;154,12 19 34 p. m.
327;12:19:51;;327,12 19 51 p. m.
684;12:20:09;;684,12 20 09 p. m.
812;12:20:13;;812,12 20 13 p. m.
136;12:20:16;;136,12 20 16 p. m.
227;12:20:19;;227,12 20 19 p. m.
722;12:20:24;;722,12 20 24 p. m.
166;12:20:40;;166,12 20 40 p. m.
970;12:20:45;;970,12 20 45 p. m.
725;12:20:45;;725,12 20 45 p. m.
411;12:20:47;;411,12 20 47 p. m.
970;12:20:49;;970,12 20 49 p. m.
970;12:21:00;;970,12 21 00 p. m.
70;12:21:11;;70,12 21 11 p. m.
333;12:21:14;;333,12 21 14 p. m.
998;12:21:30;;998,12 21 30 p. m.
32;12:21:30;;32,12 21 30 p. m.
490;12:21:33;;490,12 21 33 p. m.
632;12:21:34;;632,12 21 34 p. m.
507;12:21:37;;507,12 21 37 p. m.
329;12:21:40;;329,12 21 40 p. m.
154;12:21:49;;154,12 21 49 p. m.
25;12:21:54;;25,12 21 54 p. m.
401;12:21:54;;401,12 21 54 p. m.
136;12:22:18;;136,12 22 18 p. m.
568;12:22:19;;568,12 22 19 p. m.
22;12:22:23;;22,12 22 23 p. m.
407;12:22:30;;407,12 22 30 p. m.
355;12:22:32;;355,12 22 32 p. m.
68;12:22:38;;68,12 22 38 p. m.
343;12:22:38;;343,12 22 38 p. m.
33;12:22:41;;33,12 22 41 p. m.
1000;12:22:47;;1000,12 22 47 p. m.
436;12:22:49;;436,12 22 49 p. m.
507;12:23:00;;507,12 23 00 p. m.
19;12:23:00;;19,12 23 00 p. m.
997;12:23:30;;997,12 23 30 p. m.
157;12:23:31;;157,12 23 31 p. m.
92;12:23:45;;92,12 23 45 p. m.
112;12:23:52;;112,12 23 52 p. m.
154;12:24:04;;154,12 24 04 p. m.
136;12:24:13;;136,12 24 13 p. m.
343;12:24:41;;343,12 24 41 p. m.
432;12:24:47;;432,12 24 47 p. m.
62;12:24:48;;62,12 24 48 p. m.
372;12:24:55;;372,12 24 55 p. m.
343;12:25:04;;343,12 25 04 p. m.
340;12:25:10;;340,12 25 10 p. m.
632;12:25:11;;632,12 25 11 p. m.
998;12:25:13;;998,12 25 13 p. m.
416;12:25:16;;416,12 25 16 p. m.
664;12:25:22;;664,12 25 22 p. m.
847;12:25:24;;847,12 25 24 p. m.
403;12:25:33;;403,12 25 33 p. m.
664;12:26:05;;664,12 26 05 p. m.
70;12:26:07;;70,12 26 07 p. m.
868;12:26:23;;868,12 26 23 p. m.
329;12:26:23;;329,12 26 23 p. m.
832;12:26:30;;832,12 26 30 p. m.
250;12:26:40;;250,12 26 40 p. m.
411;12:27:00;;411,12 27 00 p. m.
343;12:27:23;;343,12 27 23 p. m.
965;12:27:30;;965,12 27 30 p. m.
557;12:27:51;;557,12 27 51 p. m.
997;12:27:52;;997,12 27 52 p. m.
70;12:27:52;;70,12 27 52 p. m.
218;12:27:57;;218,12 27 57 p. m.
338;12:28:09;;338,12 28 09 p. m.
812;12:28:23;;812,12 28 23 p. m.
655;12:28:26;;655,12 28 26 p. m.
27;12:28:29;;27,12 28 29 p. m.
540;12:28:29;;540,12 28 29 p. m.
915;12:28:37;;915,12 28 37 p. m.
41;12:28:42;;41,12 28 42 p. m.
343;12:29:07;;343,12 29 07 p. m.
965;12:29:20;;965,12 29 20 p. m.
547;12:29:24;;547,12 29 24 p. m.
673;12:29:45;;673,12 29 45 p. m.
230;12:29:58;;230,12 29 58 p. m.
613;12:29:58;;613,12 29 58 p. m.
409;12:30:19;;409,12 30 19 p. m.
345;12:30:19;;345,12 30 19 p. m.
566;12:30:22;;566,12 30 22 p. m.
363;12:30:24;;363,12 30 24 p. m.
739;12:30:31;;739,12 30 31 p. m.
812;12:30:32;;812,12 30 32 p. m.
343;12:31:03;;343,12 31 03 p. m.
343;12:31:20;;343,12 31 20 p. m.
263;12:31:22;;263,12 31 22 p. m.
967;12:31:24;;967,12 31 24 p. m.
997;12:31:26;;997,12 31 26 p. m.
329;12:31:28;;329,12 31 28 p. m.
136;12:31:29;;136,12 31 29 p. m.
655;12:31:38;;655,12 31 38 p. m.
917;12:31:47;;917,12 31 47 p. m.
664;12:31:53;;664,12 31 53 p. m.
793;12:31:57;;793,12 31 57 p. m.
644;12:32:32;;644,12 32 32 p. m.
416;12:32:32;;416,12 32 32 p. m.
269;12:32:33;;269,12 32 33 p. m.
105;12:32:34;;105,12 32 34 p. m.
579;12:32:59;;579,12 32 59 p. m.
664;12:33:07;;664,12 33 07 p. m.
664;12:33:10;;664,12 33 10 p. m.
38;12:33:11;;38,12 33 11 p. m.
436;12:33:38;;436,12 33 38 p. m.
703;12:33:42;;703,12 33 42 p. m.
241;12:33:44;;241,12 33 44 p. m.
21;12:33:51;;21,12 33 51 p. m.
664;12:34:07;;664,12 34 07 p. m.
760;12:34:16;;760,12 34 16 p. m.
481;12:34:18;;481,12 34 18 p. m.
47;12:34:25;;47,12 34 25 p. m.
136;12:34:46;;136,12 34 46 p. m.
965;12:34:49;;965,12 34 49 p. m.
218;12:34:56;;218,12 34 56 p. m.
70;12:34:56;;70,12 34 56 p. m.
566;12:35:05;;566,12 35 05 p. m.
51;12:35:05;;51,12 35 05 p. m.
208;12:35:21;;208,12 35 21 p. m.
837;12:35:31;;837,12 35 31 p. m.
970;12:35:46;;970,12 35 46 p. m.
870;12:35:57;;870,12 35 57 p. m.
868;12:36:00;;868,12 36 00 p. m.
230;12:36:18;;230,12 36 18 p. m.
812;12:36:18;;812,12 36 18 p. m.
970;12:36:43;;970,12 36 43 p. m.
725;12:36:58;;725,12 36 58 p. m.
154;12:37:09;;154,12 37 09 p. m.
367;12:37:31;;367,12 37 31 p. m.
136;12:37:32;;136,12 37 32 p. m.
157;12:37:34;;157,12 37 34 p. m.
498;12:37:36;;498,12 37 36 p. m.
136;12:37:41;;136,12 37 41 p. m.
343;12:37:43;;343,12 37 43 p. m.
51;12:37:49;;51,12 37 49 p. m.
739;12:38:01;;739,12 38 01 p. m.
436;12:38:04;;436,12 38 04 p. m.
51;12:38:05;;51,12 38 05 p. m.
812;12:38:09;;812,12 38 09 p. m.
345;12:38:12;;345,12 38 12 p. m.
767;12:38:17;;767,12 38 17 p. m.
51;12:38:20;;51,12 38 20 p. m.
636;12:38:25;;636,12 38 25 p. m.
518;12:38:46;;518,12 38 46 p. m.
343;12:38:50;;343,12 38 50 p. m.
301;12:38:53;;301,12 38 53 p. m.
884;12:38:56;;884,12 38 56 p. m.
345;12:39:01;;345,12 39 01 p. m.
51;12:39:09;;51,12 39 09 p. m.
172;12:39:10;;172,12 39 10 p. m.
76;12:39:11;;76,12 39 11 p. m.
636;12:39:12;;636,12 39 12 p. m.
812;12:39:16;;812,12 39 16 p. m.
51;12:39:35;;51,12 39 35 p. m.
51;12:39:40;;51,12 39 40 p. m.
51;12:39:48;;51,12 39 48 p. m.
957;12:39:50;;957,12 39 50 p. m.
542;12:39:54;;542,12 39 54 p. m.
832;12:39:56;;832,12 39 56 p. m.
136;12:40:09;;136,12 40 09 p. m.
136;12:40:15;;136,12 40 15 p. m.
92;12:40:17;;92,12 40 17 p. m.
69;12:40:27;;69,12 40 27 p. m.
51;12:40:30;;51,12 40 30 p. m.
850;12:40:40;;850,12 40 40 p. m.
136;12:40:40;;136,12 40 40 p. m.
51;12:40:42;;51,12 40 42 p. m.
136;12:40:46;;136,12 40 46 p. m.
739;12:40:58;;739,12 40 58 p. m.
230;12:41:11;;230,12 41 11 p. m.
767;12:41:33;;767,12 41 33 p. m.
285;12:41:34;;285,12 41 34 p. m.
722;12:41:42;;722,12 41 42 p. m.
432;12:41:43;;432,12 41 43 p. m.
51;12:42:06;;51,12 42 06 p. m.
547;12:42:10;;547,12 42 10 p. m.
343;12:42:33;;343,12 42 33 p. m.
414;12:42:36;;414,12 42 36 p. m.
125;12:42:41;;125,12 42 41 p. m.
998;12:42:41;;998,12 42 41 p. m.
27;12:42:48;;27,12 42 48 p. m.
241;12:43:00;;241,12 43 00 p. m.
613;12:43:08;;613,12 43 08 p. m.
230;12:43:11;;230,12 43 11 p. m.
136;12:43:14;;136,12 43 14 p. m.
407;12:43:19;;407,12 43 19 p. m.
136;12:43:22;;136,12 43 22 p. m.
970;12:43:25;;970,12 43 25 p. m.
566;12:43:25;;566,12 43 25 p. m.
671;12:43:26;;671,12 43 26 p. m.
208;12:43:27;;208,12 43 27 p. m.
345;12:43:33;;345,12 43 33 p. m.
850;12:43:36;;850,12 43 36 p. m.
51;12:43:39;;51,12 43 39 p. m.
520;12:43:45;;520,12 43 45 p. m.
264;12:44:11;;264,12 44 11 p. m.
436;12:44:13;;436,12 44 13 p. m.
401;12:44:39;;401,12 44 39 p. m.
92;12:44:53;;92,12 44 53 p. m.
664;12:44:53;;664,12 44 53 p. m.
51;12:44:54;;51,12 44 54 p. m.
613;12:45:15;;613,12 45 15 p. m.
599;12:45:36;;599,12 45 36 p. m.
367;12:45:40;;367,12 45 40 p. m.
433;12:45:49;;433,12 45 49 p. m.
547;12:46:02;;547,12 46 02 p. m.
633;12:46:04;;633,12 46 04 p. m.
643;12:46:06;;643,12 46 06 p. m.
79;12:46:08;;79,12 46 08 p. m.
263;12:46:09;;263,12 46 09 p. m.
613;12:46:17;;613,12 46 17 p. m.
613;12:46:24;;613,12 46 24 p. m.
671;12:46:25;;671,12 46 25 p. m.
965;12:46:28;;965,12 46 28 p. m.
655;12:46:28;;655,12 46 28 p. m.
760;12:46:31;;760,12 46 31 p. m.
77;12:46:40;;77,12 46 40 p. m.
51;12:46:42;;51,12 46 42 p. m.
136;12:47:01;;136,12 47 01 p. m.
500;12:47:04;;500,12 47 04 p. m.
643;12:47:05;;643,12 47 05 p. m.
343;12:47:07;;343,12 47 07 p. m.
725;12:47:09;;725,12 47 09 p. m.
77;12:47:14;;77,12 47 14 p. m.
51;12:47:33;;51,12 47 33 p. m.
982;12:47:39;;982,12 47 39 p. m.
185;12:47:41;;185,12 47 41 p. m.
1000;12:47:47;;1000,12 47 47 p. m.
241;12:47:48;;241,12 47 48 p. m.
338;12:47:57;;338,12 47 57 p. m.
372;12:47:58;;372,12 47 58 p. m.
51;12:48:00;;51,12 48 00 p. m.
664;12:48:01;;664,12 48 01 p. m.
51;12:48:19;;51,12 48 19 p. m.
970;12:48:34;;970,12 48 34 p. m.
645;12:48:53;;645,12 48 53 p. m.
17;12:49:01;;17,12 49 01 p. m.
767;12:49:09;;767,12 49 09 p. m.
795;12:49:14;;795,12 49 14 p. m.
363;12:49:16;;363,12 49 16 p. m.
51;12:49:23;;51,12 49 23 p. m.
436;12:49:29;;436,12 49 29 p. m.
965;12:49:37;;965,12 49 37 p. m.
303;12:49:40;;303,12 49 40 p. m.
786;12:49:50;;786,12 49 50 p. m.
684;12:50:11;;684,12 50 11 p. m.
79;12:50:13;;79,12 50 13 p. m.
993;12:50:30;;993,12 50 30 p. m.
51;12:50:38;;51,12 50 38 p. m.
773;12:50:43;;773,12 50 43 p. m.
598;12:50:45;;598,12 50 45 p. m.
31;12:50:55;;31,12 50 55 p. m.
416;12:51:01;;416,12 51 01 p. m.
900;12:51:05;;900,12 51 05 p. m.
257;12:51:21;;257,12 51 21 p. m.
21;12:51:23;;21,12 51 23 p. m.
793;12:51:28;;793,12 51 28 p. m.
32;12:51:37;;32,12 51 37 p. m.
69;12:51:46;;69,12 51 46 p. m.
757;12:51:48;;757,12 51 48 p. m.
125;12:51:59;;125,12 51 59 p. m.
51;12:52:02;;51,12 52 02 p. m.
757;12:52:16;;757,12 52 16 p. m.
921;12:52:29;;921,12 52 29 p. m.
208;12:52:33;;208,12 52 33 p. m.
343;12:52:37;;343,12 52 37 p. m.
884;12:52:40;;884,12 52 40 p. m.
76;12:53:04;;76,12 53 04 p. m.
77;12:53:04;;77,12 53 04 p. m.
739;12:53:12;;739,12 53 12 p. m.
639;12:53:33;;639,12 53 33 p. m.
643;12:53:40;;643,12 53 40 p. m.
407;12:53:43;;407,12 53 43 p. m.
432;12:54:07;;432,12 54 07 p. m.
900;12:54:31;;900,12 54 31 p. m.
230;12:54:38;;230,12 54 38 p. m.
1010;12:54:40;;1010,12 54 40 p. m.
970;12:54:41;;970,12 54 41 p. m.
51;12:54:42;;51,12 54 42 p. m.
154;12:55:01;;154,12 55 01 p. m.
219;12:55:04;;219,12 55 04 p. m.
644;12:55:31;;644,12 55 31 p. m.
432;12:55:38;;432,12 55 38 p. m.
343;12:55:43;;343,12 55 43 p. m.
970;12:55:49;;970,12 55 49 p. m.
51;12:55:50;;51,12 55 50 p. m.
613;12:55:54;;613,12 55 54 p. m.
343;12:55:56;;343,12 55 56 p. m.
594;12:55:58;;594,12 55 58 p. m.
51;12:56:12;;51,12 56 12 p. m.
327;12:56:18;;327,12 56 18 p. m.
469;12:56:18;;469,12 56 18 p. m.
767;12:56:28;;767,12 56 28 p. m.
25;12:56:34;;25,12 56 34 p. m.
152;12:56:37;;152,12 56 37 p. m.
70;12:56:44;;70,12 56 44 p. m.
859;12:56:48;;859,12 56 48 p. m.
343;12:57:01;;343,12 57 01 p. m.
69;12:57:40;;69,12 57 40 p. m.
859;12:57:41;;859,12 57 41 p. m.
722;12:57:57;;722,12 57 57 p. m.
333;12:58:02;;333,12 58 02 p. m.
51;12:58:05;;51,12 58 05 p. m.
855;12:58:08;;855,12 58 08 p. m.
868;12:58:28;;868,12 58 28 p. m.
38;12:58:44;;38,12 58 44 p. m.
315;12:58:55;;315,12 58 55 p. m.
547;12:58:58;;547,12 58 58 p. m.
432;12:00:15;;432,12 00 15 p. m.
633;12:00:16;;633,12 00 16 p. m.
136;12:00:19;;136,12 00 19 p. m.
244;12:00:29;;244,12 00 29 p. m.
136;12:00:41;;136,12 00 41 p. m.
715;12:00:42;;715,12 00 42 p. m.
343;12:01:01;;343,12 01 01 p. m.
824;12:01:05;;824,12 01 05 p. m.
1004;12:01:23;;1004,12 01 23 p. m.
811;12:01:31;;811,12 01 31 p. m.
998;12:01:39;;998,12 01 39 p. m.
255;12:01:49;;255,12 01 49 p. m.
891;12:01:57;;891,12 01 57 p. m.
491;12:02:12;;491,12 02 12 p. m.
568;12:02:21;;568,12 02 21 p. m.
578;12:02:30;;578,12 02 30 p. m.
267;12:02:40;;267,12 02 40 p. m.
966;12:02:48;;966,12 02 48 p. m.
568;12:02:57;;568,12 02 57 p. m.
471;12:02:57;;471,12 02 57 p. m.
886;12:03:02;;886,12 03 02 p. m.
97;12:03:04;;97,12 03 04 p. m.
588;12:03:18;;588,12 03 18 p. m.
467;12:03:42;;467,12 03 42 p. m.
112;12:03:46;;112,12 03 46 p. m.
718;12:04:04;;718,12 04 04 p. m.
618;12:04:12;;618,12 04 12 p. m.
10;12:04:34;;10,12 04 34 p. m.
112;12:04:47;;112,12 04 47 p. m.
548;12:04:59;;548,12 04 59 p. m.
452;12:05:01;;452,12 05 01 p. m.
267;12:05:08;;267,12 05 08 p. m.
925;12:05:17;;925,12 05 17 p. m.
411;12:05:18;;411,12 05 18 p. m.
982;12:05:35;;982,12 05 35 p. m.
579;12:05:36;;579,12 05 36 p. m.
695;12:05:41;;695,12 05 41 p. m.
970;12:05:44;;970,12 05 44 p. m.
579;12:05:50;;579,12 05 50 p. m.
636;12:05:54;;636,12 05 54 p. m.
769;12:06:11;;769,12 06 11 p. m.
998;12:06:16;;998,12 06 16 p. m.
959;12:06:36;;959,12 06 36 p. m.
618;12:06:38;;618,12 06 38 p. m.
469;12:06:38;;469,12 06 38 p. m.
230;12:06:40;;230,12 06 40 p. m.
746;12:06:46;;746,12 06 46 p. m.
38;12:06:48;;38,12 06 48 p. m.
83;12:06:48;;83,12 06 48 p. m.
58;12:06:53;;58,12 06 53 p. m.
812;12:06:54;;812,12 06 54 p. m.
566;12:07:18;;566,12 07 18 p. m.
957;12:07:20;;957,12 07 20 p. m.
907;12:07:51;;907,12 07 51 p. m.
935;12:08:23;;935,12 08 23 p. m.
542;12:08:27;;542,12 08 27 p. m.
507;12:08:34;;507,12 08 34 p. m.
244;12:08:51;;244,12 08 51 p. m.
87;12:08:53;;87,12 08 53 p. m.
887;12:08:56;;887,12 08 56 p. m.
106;12:09:09;;106,12 09 09 p. m.
613;12:09:26;;613,12 09 26 p. m.
943;12:09:28;;943,12 09 28 p. m.
540;12:09:29;;540,12 09 29 p. m.
718;12:09:54;;718,12 09 54 p. m.
136;12:09:59;;136,12 09 59 p. m.
154;12:10:05;;154,12 10 05 p. m.
824;12:10:08;;824,12 10 08 p. m.
152;12:10:13;;152,12 10 13 p. m.
811;12:10:13;;811,12 10 13 p. m.
343;12:10:15;;343,12 10 15 p. m.
588;12:10:20;;588,12 10 20 p. m.
241;12:10:26;;241,12 10 26 p. m.
136;12:10:32;;136,12 10 32 p. m.
896;12:10:43;;896,12 10 43 p. m.
998;12:10:46;;998,12 10 46 p. m.
981;12:10:48;;981,12 10 48 p. m.
886;12:10:51;;886,12 10 51 p. m.
850;12:10:56;;850,12 10 56 p. m.
466;12:11:21;;466,12 11 21 p. m.
579;12:11:26;;579,12 11 26 p. m.
607;12:11:44;;607,12 11 44 p. m.
431;12:11:46;;431,12 11 46 p. m.
139;12:12:08;;139,12 12 08 p. m.
267;12:12:17;;267,12 12 17 p. m.
970;12:12:19;;970,12 12 19 p. m.
943;12:12:19;;943,12 12 19 p. m.
907;12:12:22;;907,12 12 22 p. m.
605;12:12:34;;605,12 12 34 p. m.
517;12:12:40;;517,12 12 40 p. m.
957;12:12:56;;957,12 12 56 p. m.
943;12:13:16;;943,12 13 16 p. m.
130;12:13:18;;130,12 13 18 p. m.
100;12:13:18;;100,12 13 18 p. m.
718;12:13:29;;718,12 13 29 p. m.
542;12:13:43;;542,12 13 43 p. m.
896;12:13:58;;896,12 13 58 p. m.
462;12:14:02;;462,12 14 02 p. m.
722;12:14:06;;722,12 14 06 p. m.
769;12:14:07;;769,12 14 07 p. m.
21;12:14:16;;21,12 14 16 p. m.
874;12:14:23;;874,12 14 23 p. m.
618;12:14:35;;618,12 14 35 p. m.
755;12:14:44;;755,12 14 44 p. m.
613;12:15:15;;613,12 15 15 p. m.
998;12:15:41;;998,12 15 41 p. m.
136;12:15:41;;136,12 15 41 p. m.
943;12:15:44;;943,12 15 44 p. m.
267;12:15:46;;267,12 15 46 p. m.
982;12:16:12;;982,12 16 12 p. m.
38;12:16:16;;38,12 16 16 p. m.
436;12:16:22;;436,12 16 22 p. m.
343;12:16:25;;343,12 16 25 p. m.
432;12:16:37;;432,12 16 37 p. m.
227;12:16:46;;227,12 16 46 p. m.
591;12:16:58;;591,12 16 58 p. m.
666;12:17:02;;666,12 17 02 p. m.
1010;12:17:05;;1010,12 17 05 p. m.
244;12:17:07;;244,12 17 07 p. m.
613;12:17:16;;613,12 17 16 p. m.
45;12:17:18;;45,12 17 18 p. m.
812;12:17:20;;812,12 17 20 p. m.
23;12:17:32;;23,12 17 32 p. m.
330;12:17:34;;330,12 17 34 p. m.
636;12:17:51;;636,12 17 51 p. m.
722;12:17:54;;722,12 17 54 p. m.
891;12:17:58;;891,12 17 58 p. m.
896;12:17:59;;896,12 17 59 p. m.
35;12:18:11;;35,12 18 11 p. m.
466;12:18:12;;466,12 18 12 p. m.
136;12:18:22;;136,12 18 22 p. m.
139;12:18:26;;139,12 18 26 p. m.
436;12:18:37;;436,12 18 37 p. m.
636;12:18:41;;636,12 18 41 p. m.
850;12:18:45;;850,12 18 45 p. m.
106;12:18:47;;106,12 18 47 p. m.
45;12:18:59;;45,12 18 59 p. m.
136;12:19:03;;136,12 19 03 p. m.
1004;12:19:04;;1004,12 19 04 p. m.
329;12:19:16;;329,12 19 16 p. m.
925;12:19:18;;925,12 19 18 p. m.
624;12:19:20;;624,12 19 20 p. m.
725;12:19:35;;725,12 19 35 p. m.
995;12:19:39;;995,12 19 39 p. m.
1010;12:19:54;;1010,12 19 54 p. m.
262;12:20:10;;262,12 20 10 p. m.
887;12:20:26;;887,12 20 26 p. m.
897;12:20:32;;897,12 20 32 p. m.
462;12:20:32;;462,12 20 32 p. m.
25;12:20:35;;25,12 20 35 p. m.
87;12:20:36;;87,12 20 36 p. m.
566;12:20:44;;566,12 20 44 p. m.
136;12:20:47;;136,12 20 47 p. m.
633;12:20:52;;633,12 20 52 p. m.
517;12:20:59;;517,12 20 59 p. m.
315;12:21:06;;315,12 21 06 p. m.
835;12:21:41;;835,12 21 41 p. m.
685;12:21:42;;685,12 21 42 p. m.
432;12:21:55;;432,12 21 55 p. m.
38;12:22:13;;38,12 22 13 p. m.
295;12:22:20;;295,12 22 20 p. m.
568;12:22:23;;568,12 22 23 p. m.
487;12:22:24;;487,12 22 24 p. m.
246;12:22:25;;246,12 22 25 p. m.
83;12:22:54;;83,12 22 54 p. m.
688;12:22:58;;688,12 22 58 p. m.
874;12:23:09;;874,12 23 09 p. m.
794;12:23:28;;794,12 23 28 p. m.
907;12:23:28;;907,12 23 28 p. m.
516;12:23:29;;516,12 23 29 p. m.
957;12:23:39;;957,12 23 39 p. m.
364;12:23:39;;364,12 23 39 p. m.
946;12:23:43;;946,12 23 43 p. m.
112;12:23:43;;112,12 23 43 p. m.
591;12:23:49;;591,12 23 49 p. m.
38;12:23:52;;38,12 23 52 p. m.
703;12:23:52;;703,12 23 52 p. m.
655;12:24:30;;655,12 24 30 p. m.
343;12:24:33;;343,12 24 33 p. m.
339;12:24:45;;339,12 24 45 p. m.
339;12:24:46;;339,12 24 46 p. m.
339;12:24:47;;339,12 24 47 p. m.
339;12:24:48;;339,12 24 48 p. m.
339;12:24:49;;339,12 24 49 p. m.
339;12:24:50;;339,12 24 50 p. m.
339;12:24:51;;339,12 24 51 p. m.
339;12:24:52;;339,12 24 52 p. m.
339;12:24:53;;339,12 24 53 p. m.
339;12:24:54;;339,12 24 54 p. m.
339;12:24:55;;339,12 24 55 p. m.
995;12:24:56;;995,12 24 56 p. m.
339;12:24:56;;339,12 24 56 p. m.
339;12:24:57;;339,12 24 57 p. m.
722;12:24:58;;722,12 24 58 p. m.
339;12:24:58;;339,12 24 58 p. m.
339;12:24:59;;339,12 24 59 p. m.
339;12:25:00;;339,12 25 00 p. m.
339;12:25:01;;339,12 25 01 p. m.
339;12:25:02;;339,12 25 02 p. m.
339;12:25:03;;339,12 25 03 p. m.
339;12:25:04;;339,12 25 04 p. m.
339;12:25:05;;339,12 25 05 p. m.
339;12:25:06;;339,12 25 06 p. m.
339;12:25:07;;339,12 25 07 p. m.
339;12:25:08;;339,12 25 08 p. m.
339;12:25:09;;339,12 25 09 p. m.
345;12:25:10;;345,12 25 10 p. m.
339;12:25:10;;339,12 25 10 p. m.
339;12:25:11;;339,12 25 11 p. m.
339;12:25:12;;339,12 25 12 p. m.
339;12:25:13;;339,12 25 13 p. m.
339;12:25:14;;339,12 25 14 p. m.
339;12:25:15;;339,12 25 15 p. m.
339;12:25:16;;339,12 25 16 p. m.
339;12:25:17;;339,12 25 17 p. m.
339;12:25:18;;339,12 25 18 p. m.
339;12:25:19;;339,12 25 19 p. m.
339;12:25:20;;339,12 25 20 p. m.
339;12:25:21;;339,12 25 21 p. m.
343;12:25:21;;343,12 25 21 p. m.
339;12:25:22;;339,12 25 22 p. m.
339;12:25:23;;339,12 25 23 p. m.
339;12:25:24;;339,12 25 24 p. m.
339;12:25:25;;339,12 25 25 p. m.
339;12:25:26;;339,12 25 26 p. m.
568;12:25:27;;568,12 25 27 p. m.
339;12:25:27;;339,12 25 27 p. m.
339;12:25:28;;339,12 25 28 p. m.
339;12:25:29;;339,12 25 29 p. m.
401;12:25:30;;401,12 25 30 p. m.
339;12:25:30;;339,12 25 30 p. m.
339;12:25:31;;339,12 25 31 p. m.
339;12:25:32;;339,12 25 32 p. m.
718;12:25:33;;718,12 25 33 p. m.
339;12:25:33;;339,12 25 33 p. m.
339;12:25:34;;339,12 25 34 p. m.
339;12:25:35;;339,12 25 35 p. m.
339;12:25:36;;339,12 25 36 p. m.
691;12:25:37;;691,12 25 37 p. m.
339;12:25:37;;339,12 25 37 p. m.
339;12:25:38;;339,12 25 38 p. m.
339;12:25:39;;339,12 25 39 p. m.
995;12:25:40;;995,12 25 40 p. m.
339;12:25:40;;339,12 25 40 p. m.
725;12:25:41;;725,12 25 41 p. m.
339;12:25:41;;339,12 25 41 p. m.
339;12:25:42;;339,12 25 42 p. m.
339;12:25:43;;339,12 25 43 p. m.
339;12:25:44;;339,12 25 44 p. m.
339;12:25:45;;339,12 25 45 p. m.
339;12:25:46;;339,12 25 46 p. m.
339;12:25:47;;339,12 25 47 p. m.
339;12:25:48;;339,12 25 48 p. m.
339;12:25:49;;339,12 25 49 p. m.
339;12:25:50;;339,12 25 50 p. m.
339;12:25:51;;339,12 25 51 p. m.
339;12:25:52;;339,12 25 52 p. m.
339;12:25:53;;339,12 25 53 p. m.
339;12:25:54;;339,12 25 54 p. m.
227;12:25:55;;227,12 25 55 p. m.
339;12:25:55;;339,12 25 55 p. m.
339;12:25:56;;339,12 25 56 p. m.
339;12:25:57;;339,12 25 57 p. m.
136;12:25:57;;136,12 25 57 p. m.
339;12:25:58;;339,12 25 58 p. m.
339;12:25:59;;339,12 25 59 p. m.
339;12:26:00;;339,12 26 00 p. m.
339;12:26:01;;339,12 26 01 p. m.
339;12:26:02;;339,12 26 02 p. m.
339;12:26:03;;339,12 26 03 p. m.
339;12:26:04;;339,12 26 04 p. m.
339;12:26:05;;339,12 26 05 p. m.
339;12:26:06;;339,12 26 06 p. m.
339;12:26:07;;339,12 26 07 p. m.
339;12:26:08;;339,12 26 08 p. m.
339;12:26:09;;339,12 26 09 p. m.
339;12:26:10;;339,12 26 10 p. m.
339;12:26:11;;339,12 26 11 p. m.
339;12:26:12;;339,12 26 12 p. m.
339;12:26:13;;339,12 26 13 p. m.
339;12:26:14;;339,12 26 14 p. m.
339;12:26:15;;339,12 26 15 p. m.
17;12:26:16;;17,12 26 16 p. m.
339;12:26:16;;339,12 26 16 p. m.
339;12:26:17;;339,12 26 17 p. m.
339;12:26:18;;339,12 26 18 p. m.
364;12:26:29;;364,12 26 29 p. m.
172;12:26:30;;172,12 26 30 p. m.
364;12:26:46;;364,12 26 46 p. m.
343;12:26:49;;343,12 26 49 p. m.
665;12:26:58;;665,12 26 58 p. m.
241;12:26:59;;241,12 26 59 p. m.
908;12:27:05;;908,12 27 05 p. m.
874;12:27:06;;874,12 27 06 p. m.
537;12:27:07;;537,12 27 07 p. m.
177;12:27:09;;177,12 27 09 p. m.
227;12:27:13;;227,12 27 13 p. m.
31;12:27:18;;31,12 27 18 p. m.
231;12:27:23;;231,12 27 23 p. m.
326;12:27:24;;326,12 27 24 p. m.
139;12:27:26;;139,12 27 26 p. m.
343;12:27:26;;343,12 27 26 p. m.
722;12:27:31;;722,12 27 31 p. m.
64;12:27:52;;64,12 27 52 p. m.
722;12:27:59;;722,12 27 59 p. m.
345;12:28:04;;345,12 28 04 p. m.
943;12:28:13;;943,12 28 13 p. m.
308;12:28:14;;308,12 28 14 p. m.
722;12:28:17;;722,12 28 17 p. m.
262;12:28:25;;262,12 28 25 p. m.
767;12:28:37;;767,12 28 37 p. m.
666;12:28:39;;666,12 28 39 p. m.
673;12:28:41;;673,12 28 41 p. m.
136;12:28:44;;136,12 28 44 p. m.
152;12:28:51;;152,12 28 51 p. m.
675;12:29:01;;675,12 29 01 p. m.
247;12:29:09;;247,12 29 09 p. m.
613;12:29:22;;613,12 29 22 p. m.
908;12:29:24;;908,12 29 24 p. m.
411;12:29:32;;411,12 29 32 p. m.
957;12:29:33;;957,12 29 33 p. m.
861;12:29:45;;861,12 29 45 p. m.
673;12:29:48;;673,12 29 48 p. m.
611;12:29:59;;611,12 29 59 p. m.
900;12:30:05;;900,12 30 05 p. m.
329;12:30:06;;329,12 30 06 p. m.
809;12:30:08;;809,12 30 08 p. m.
897;12:30:16;;897,12 30 16 p. m.
102;12:30:24;;102,12 30 24 p. m.
400;12:30:37;;400,12 30 37 p. m.
371;12:30:49;;371,12 30 49 p. m.
246;12:31:02;;246,12 31 02 p. m.
579;12:31:06;;579,12 31 06 p. m.
432;12:31:10;;432,12 31 10 p. m.
966;12:31:11;;966,12 31 11 p. m.
850;12:31:35;;850,12 31 35 p. m.
984;12:31:41;;984,12 31 41 p. m.
38;12:31:44;;38,12 31 44 p. m.
136;12:32:01;;136,12 32 01 p. m.
949;12:32:05;;949,12 32 05 p. m.
136;12:32:12;;136,12 32 12 p. m.
173;12:32:13;;173,12 32 13 p. m.
666;12:32:26;;666,12 32 26 p. m.
227;12:32:29;;227,12 32 29 p. m.
487;12:32:40;;487,12 32 40 p. m.
241;12:32:42;;241,12 32 42 p. m.
755;12:32:47;;755,12 32 47 p. m.
982;12:33:11;;982,12 33 11 p. m.
130;12:33:11;;130,12 33 11 p. m.
154;12:33:40;;154,12 33 40 p. m.
38;12:33:53;;38,12 33 53 p. m.
112;12:33:53;;112,12 33 53 p. m.
185;12:34:02;;185,12 34 02 p. m.
580;12:34:05;;580,12 34 05 p. m.
22;12:34:06;;22,12 34 06 p. m.
60;12:34:06;;60,12 34 06 p. m.
998;12:34:07;;998,12 34 07 p. m.
578;12:34:07;;578,12 34 07 p. m.
372;12:34:16;;372,12 34 16 p. m.
154;12:34:22;;154,12 34 22 p. m.
452;12:34:31;;452,12 34 31 p. m.
679;12:34:37;;679,12 34 37 p. m.
943;12:34:47;;943,12 34 47 p. m.
769;12:34:50;;769,12 34 50 p. m.
887;12:34:52;;887,12 34 52 p. m.
892;12:34:52;;892,12 34 52 p. m.
94;12:34:56;;94,12 34 56 p. m.
886;12:35:04;;886,12 35 04 p. m.
566;12:35:05;;566,12 35 05 p. m.
691;12:35:14;;691,12 35 14 p. m.
966;12:35:17;;966,12 35 17 p. m.
51;12:35:25;;51,12 35 25 p. m.
329;12:35:26;;329,12 35 26 p. m.
404;12:35:33;;404,12 35 33 p. m.
618;12:35:37;;618,12 35 37 p. m.
467;12:35:41;;467,12 35 41 p. m.
433;12:36:05;;433,12 36 05 p. m.
411;12:36:05;;411,12 36 05 p. m.
703;12:36:12;;703,12 36 12 p. m.
685;12:36:15;;685,12 36 15 p. m.
578;12:36:21;;578,12 36 21 p. m.
433;12:36:24;;433,12 36 24 p. m.
959;12:36:36;;959,12 36 36 p. m.
343;12:36:40;;343,12 36 40 p. m.
327;12:36:46;;327,12 36 46 p. m.
51;12:36:49;;51,12 36 49 p. m.
959;12:36:55;;959,12 36 55 p. m.
51;12:36:59;;51,12 36 59 p. m.
632;12:37:02;;632,12 37 02 p. m.
78;12:37:03;;78,12 37 03 p. m.
231;12:37:07;;231,12 37 07 p. m.
230;12:37:13;;230,12 37 13 p. m.
367;12:37:25;;367,12 37 25 p. m.
453;12:37:36;;453,12 37 36 p. m.
853;12:37:51;;853,12 37 51 p. m.
227;12:37:55;;227,12 37 55 p. m.
31;12:37:56;;31,12 37 56 p. m.
943;12:37:58;;943,12 37 58 p. m.
139;12:38:08;;139,12 38 08 p. m.
51;12:38:19;;51,12 38 19 p. m.
632;12:38:23;;632,12 38 23 p. m.
69;12:38:26;;69,12 38 26 p. m.
812;12:38:28;;812,12 38 28 p. m.
998;12:38:31;;998,12 38 31 p. m.
722;12:38:39;;722,12 38 39 p. m.
507;12:38:52;;507,12 38 52 p. m.
51;12:39:07;;51,12 39 07 p. m.
624;12:39:14;;624,12 39 14 p. m.
418;12:39:23;;418,12 39 23 p. m.
51;12:39:26;;51,12 39 26 p. m.
633;12:39:38;;633,12 39 38 p. m.
105;12:39:48;;105,12 39 48 p. m.
51;12:39:50;;51,12 39 50 p. m.
51;12:39:51;;51,12 39 51 p. m.
1010;12:39:57;;1010,12 39 57 p. m.
241;12:40:02;;241,12 40 02 p. m.
51;12:40:04;;51,12 40 04 p. m.
329;12:40:15;;329,12 40 15 p. m.
23;12:40:55;;23,12 40 55 p. m.
333;12:41:03;;333,12 41 03 p. m.
343;12:41:03;;343,12 41 03 p. m.
51;12:41:11;;51,12 41 11 p. m.
51;12:41:12;;51,12 41 12 p. m.
908;12:41:17;;908,12 41 17 p. m.
69;12:41:22;;69,12 41 22 p. m.
105;12:41:31;;105,12 41 31 p. m.
105;12:41:33;;105,12 41 33 p. m.
123;12:41:50;;123,12 41 50 p. m.
366;12:41:51;;366,12 41 51 p. m.
136;12:42:25;;136,12 42 25 p. m.
259;12:42:26;;259,12 42 26 p. m.
984;12:42:36;;984,12 42 36 p. m.
746;12:42:44;;746,12 42 44 p. m.
950;12:42:46;;950,12 42 46 p. m.
51;12:42:52;;51,12 42 52 p. m.
136;12:42:52;;136,12 42 52 p. m.
51;12:43:11;;51,12 43 11 p. m.
644;12:43:16;;644,12 43 16 p. m.
241;12:43:21;;241,12 43 21 p. m.
578;12:43:23;;578,12 43 23 p. m.
633;12:43:26;;633,12 43 26 p. m.
333;12:43:31;;333,12 43 31 p. m.
1004;12:43:32;;1004,12 43 32 p. m.
330;12:43:34;;330,12 43 34 p. m.
51;12:43:38;;51,12 43 38 p. m.
51;12:43:41;;51,12 43 41 p. m.
51;12:43:47;;51,12 43 47 p. m.
136;12:43:59;;136,12 43 59 p. m.
295;12:44:00;;295,12 44 00 p. m.
400;12:44:01;;400,12 44 01 p. m.
190;12:44:04;;190,12 44 04 p. m.
578;12:44:09;;578,12 44 09 p. m.
970;12:44:15;;970,12 44 15 p. m.
432;12:44:30;;432,12 44 30 p. m.
338;12:44:42;;338,12 44 42 p. m.
327;12:44:54;;327,12 44 54 p. m.
343;12:44:55;;343,12 44 55 p. m.
31;12:45:03;;31,12 45 03 p. m.
17;12:45:11;;17,12 45 11 p. m.
303;12:45:12;;303,12 45 12 p. m.
550;12:45:13;;550,12 45 13 p. m.
401;12:45:29;;401,12 45 29 p. m.
201;12:45:44;;201,12 45 44 p. m.
38;12:45:44;;38,12 45 44 p. m.
230;12:45:49;;230,12 45 49 p. m.
769;12:45:51;;769,12 45 51 p. m.
25;12:46:16;;25,12 46 16 p. m.
578;12:46:21;;578,12 46 21 p. m.
636;12:46:23;;636,12 46 23 p. m.
366;12:46:39;;366,12 46 39 p. m.
433;12:46:41;;433,12 46 41 p. m.
51;12:46:50;;51,12 46 50 p. m.
343;12:46:52;;343,12 46 52 p. m.
945;12:46:53;;945,12 46 53 p. m.
466;12:47:02;;466,12 47 02 p. m.
315;12:47:04;;315,12 47 04 p. m.
41;12:47:10;;41,12 47 10 p. m.
105;12:47:10;;105,12 47 10 p. m.
432;12:47:14;;432,12 47 14 p. m.
51;12:47:15;;51,12 47 15 p. m.
51;12:47:19;;51,12 47 19 p. m.
115;12:47:37;;115,12 47 37 p. m.
753;12:48:03;;753,12 48 03 p. m.
51;12:48:03;;51,12 48 03 p. m.
51;12:48:04;;51,12 48 04 p. m.
32;12:48:10;;32,12 48 10 p. m.
234;12:48:11;;234,12 48 11 p. m.
51;12:48:11;;51,12 48 11 p. m.
679;12:48:17;;679,12 48 17 p. m.
333;12:48:31;;333,12 48 31 p. m.
51;12:48:43;;51,12 48 43 p. m.
945;12:48:49;;945,12 48 49 p. m.
333;12:48:54;;333,12 48 54 p. m.
94;12:49:02;;94,12 49 02 p. m.
755;12:49:05;;755,12 49 05 p. m.
123;12:49:14;;123,12 49 14 p. m.
613;12:49:53;;613,12 49 53 p. m.
51;12:49:55;;51,12 49 55 p. m.
129;12:49:57;;129,12 49 57 p. m.
51;12:50:18;;51,12 50 18 p. m.
60;12:50:30;;60,12 50 30 p. m.
136;12:50:30;;136,12 50 30 p. m.
998;12:50:32;;998,12 50 32 p. m.
666;12:50:45;;666,12 50 45 p. m.
78;12:51:13;;78,12 51 13 p. m.
136;12:51:33;;136,12 51 33 p. m.
943;12:51:37;;943,12 51 37 p. m.
51;12:52:03;;51,12 52 03 p. m.
136;12:52:04;;136,12 52 04 p. m.
22;12:52:08;;22,12 52 08 p. m.
97;12:52:24;;97,12 52 24 p. m.
315;12:52:29;;315,12 52 29 p. m.
809;12:52:35;;809,12 52 35 p. m.
887;12:52:36;;887,12 52 36 p. m.
51;12:53:03;;51,12 53 03 p. m.
51;12:53:05;;51,12 53 05 p. m.
51;12:53:10;;51,12 53 10 p. m.
345;12:53:11;;345,12 53 11 p. m.
51;12:53:20;;51,12 53 20 p. m.
957;12:54:07;;957,12 54 07 p. m.
343;12:54:09;;343,12 54 09 p. m.
69;12:54:18;;69,12 54 18 p. m.
161;12:54:25;;161,12 54 25 p. m.
719;12:54:30;;719,12 54 30 p. m.
453;12:54:35;;453,12 54 35 p. m.
217;12:54:50;;217,12 54 50 p. m.
946;12:54:53;;946,12 54 53 p. m.
487;12:54:56;;487,12 54 56 p. m.
404;12:55:04;;404,12 55 04 p. m.
51;12:55:08;;51,12 55 08 p. m.
578;12:55:09;;578,12 55 09 p. m.
23;12:55:15;;23,12 55 15 p. m.
51;12:55:21;;51,12 55 21 p. m.
900;12:55:27;;900,12 55 27 p. m.
943;12:55:29;;943,12 55 29 p. m.
51;12:55:53;;51,12 55 53 p. m.
579;12:55:57;;579,12 55 57 p. m.
613;12:56:00;;613,12 56 00 p. m.
893;12:56:04;;893,12 56 04 p. m.
469;12:56:18;;469,12 56 18 p. m.
578;12:56:20;;578,12 56 20 p. m.
343;12:56:31;;343,12 56 31 p. m.
624;12:56:58;;624,12 56 58 p. m.
371;12:57:01;;371,12 57 01 p. m.
51;12:57:03;;51,12 57 03 p. m.
579;12:57:10;;579,12 57 10 p. m.
371;12:57:13;;371,12 57 13 p. m.
633;12:57:17;;633,12 57 17 p. m.
51;12:57:17;;51,12 57 17 p. m.
542;12:57:31;;542,12 57 31 p. m.
38;12:57:37;;38,12 57 37 p. m.
51;12:57:56;;51,12 57 56 p. m.
491;12:57:58;;491,12 57 58 p. m.
812;12:58:07;;812,12 58 07 p. m.
998;12:58:11;;998,12 58 11 p. m.
542;12:58:12;;542,12 58 12 p. m.
896;12:58:20;;896,12 58 20 p. m.
366;12:58:30;;366,12 58 30 p. m.
343;12:58:31;;343,12 58 31 p. m.
78;12:58:43;;78,12 58 43 p. m.
769;12:58:48;;769,12 58 48 p. m.
891;12:58:56;;891,12 58 56 p. m.
832;12:00:09;;832,12 00 09 p. m.
699;12:00:16;;699,12 00 16 p. m.
800;12:00:24;;800,12 00 24 p. m.
517;12:00:38;;517,12 00 38 p. m.
703;12:00:44;;703,12 00 44 p. m.
990;12:00:46;;990,12 00 46 p. m.
595;12:00:56;;595,12 00 56 p. m.
725;12:00:56;;725,12 00 56 p. m.
822;12:00:59;;822,12 00 59 p. m.
343;12:01:21;;343,12 01 21 p. m.
595;12:01:22;;595,12 01 22 p. m.
865;12:01:26;;865,12 01 26 p. m.
250;12:01:40;;250,12 01 40 p. m.
578;12:02:25;;578,12 02 25 p. m.
340;12:02:26;;340,12 02 26 p. m.
218;12:02:31;;218,12 02 31 p. m.
653;12:02:38;;653,12 02 38 p. m.
10;12:02:38;;10,12 02 38 p. m.
187;12:03:12;;187,12 03 12 p. m.
142;12:03:18;;142,12 03 18 p. m.
981;12:03:19;;981,12 03 19 p. m.
218;12:03:24;;218,12 03 24 p. m.
786;12:03:33;;786,12 03 33 p. m.
992;12:03:40;;992,12 03 40 p. m.
129;12:03:52;;129,12 03 52 p. m.
485;12:04:04;;485,12 04 04 p. m.
562;12:04:06;;562,12 04 06 p. m.
957;12:04:08;;957,12 04 08 p. m.
345;12:04:17;;345,12 04 17 p. m.
997;12:04:23;;997,12 04 23 p. m.
78;12:04:32;;78,12 04 32 p. m.
714;12:04:36;;714,12 04 36 p. m.
829;12:04:55;;829,12 04 55 p. m.
578;12:04:59;;578,12 04 59 p. m.
35;12:05:13;;35,12 05 13 p. m.
639;12:05:17;;639,12 05 17 p. m.
636;12:05:29;;636,12 05 29 p. m.
618;12:05:51;;618,12 05 51 p. m.
421;12:05:56;;421,12 05 56 p. m.
970;12:05:59;;970,12 05 59 p. m.
90;12:06:14;;90,12 06 14 p. m.
85;12:06:28;;85,12 06 28 p. m.
739;12:06:37;;739,12 06 37 p. m.
469;12:06:38;;469,12 06 38 p. m.
498;12:07:02;;498,12 07 02 p. m.
613;12:07:04;;613,12 07 04 p. m.
162;12:07:09;;162,12 07 09 p. m.
18;12:07:20;;18,12 07 20 p. m.
343;12:07:21;;343,12 07 21 p. m.
912;12:07:23;;912,12 07 23 p. m.
992;12:07:23;;992,12 07 23 p. m.
645;12:07:58;;645,12 07 58 p. m.
699;12:08:15;;699,12 08 15 p. m.
27;12:08:28;;27,12 08 28 p. m.
285;12:08:36;;285,12 08 36 p. m.
970;12:09:04;;970,12 09 04 p. m.
746;12:09:05;;746,12 09 05 p. m.
303;12:09:12;;303,12 09 12 p. m.
218;12:09:28;;218,12 09 28 p. m.
566;12:09:33;;566,12 09 33 p. m.
606;12:09:39;;606,12 09 39 p. m.
300;12:09:46;;300,12 09 46 p. m.
844;12:09:59;;844,12 09 59 p. m.
562;12:10:01;;562,12 10 01 p. m.
343;12:10:02;;343,12 10 02 p. m.
613;12:10:05;;613,12 10 05 p. m.
136;12:10:11;;136,12 10 11 p. m.
628;12:10:15;;628,12 10 15 p. m.
159;12:10:19;;159,12 10 19 p. m.
517;12:10:20;;517,12 10 20 p. m.
970;12:10:36;;970,12 10 36 p. m.
31;12:10:43;;31,12 10 43 p. m.
409;12:10:59;;409,12 10 59 p. m.
636;12:11:14;;636,12 11 14 p. m.
352;12:11:14;;352,12 11 14 p. m.
303;12:11:21;;303,12 11 21 p. m.
718;12:11:22;;718,12 11 22 p. m.
714;12:11:29;;714,12 11 29 p. m.
618;12:11:29;;618,12 11 29 p. m.
1010;12:11:36;;1010,12 11 36 p. m.
431;12:11:46;;431,12 11 46 p. m.
639;12:12:03;;639,12 12 03 p. m.
734;12:12:06;;734,12 12 06 p. m.
633;12:12:16;;633,12 12 16 p. m.
628;12:12:20;;628,12 12 20 p. m.
578;12:12:38;;578,12 12 38 p. m.
694;12:13:34;;694,12 13 34 p. m.
773;12:13:34;;773,12 13 34 p. m.
136;12:13:42;;136,12 13 42 p. m.
837;12:13:52;;837,12 13 52 p. m.
136;12:13:52;;136,12 13 52 p. m.
166;12:14:10;;166,12 14 10 p. m.
945;12:14:10;;945,12 14 10 p. m.
960;12:14:37;;960,12 14 37 p. m.
285;12:14:38;;285,12 14 38 p. m.
112;12:14:41;;112,12 14 41 p. m.
354;12:15:04;;354,12 15 04 p. m.
401;12:15:16;;401,12 15 16 p. m.
578;12:15:49;;578,12 15 49 p. m.
673;12:15:50;;673,12 15 50 p. m.
31;12:15:59;;31,12 15 59 p. m.
694;12:16:03;;694,12 16 03 p. m.
343;12:16:18;;343,12 16 18 p. m.
390;12:16:23;;390,12 16 23 p. m.
367;12:16:31;;367,12 16 31 p. m.
92;12:16:32;;92,12 16 32 p. m.
600;12:16:41;;600,12 16 41 p. m.
588;12:16:42;;588,12 16 42 p. m.
354;12:16:54;;354,12 16 54 p. m.
703;12:17:23;;703,12 17 23 p. m.
574;12:17:33;;574,12 17 33 p. m.
739;12:17:54;;739,12 17 54 p. m.
1004;12:18:00;;1004,12 18 00 p. m.
161;12:18:09;;161,12 18 09 p. m.
714;12:18:10;;714,12 18 10 p. m.
38;12:18:24;;38,12 18 24 p. m.
544;12:18:27;;544,12 18 27 p. m.
580;12:18:32;;580,12 18 32 p. m.
136;12:18:33;;136,12 18 33 p. m.
945;12:18:37;;945,12 18 37 p. m.
891;12:19:15;;891,12 19 15 p. m.
568;12:19:19;;568,12 19 19 p. m.
490;12:19:44;;490,12 19 44 p. m.
959;12:19:48;;959,12 19 48 p. m.
423;12:19:51;;423,12 19 51 p. m.
490;12:20:06;;490,12 20 06 p. m.
112;12:20:07;;112,12 20 07 p. m.
367;12:20:46;;367,12 20 46 p. m.
36;12:20:48;;36,12 20 48 p. m.
294;12:21:29;;294,12 21 29 p. m.
136;12:21:48;;136,12 21 48 p. m.
1000;12:22:00;;1000,12 22 00 p. m.
628;12:22:11;;628,12 22 11 p. m.
208;12:22:14;;208,12 22 14 p. m.
517;12:22:38;;517,12 22 38 p. m.
970;12:22:40;;970,12 22 40 p. m.
540;12:22:44;;540,12 22 44 p. m.
154;12:22:45;;154,12 22 45 p. m.
436;12:22:52;;436,12 22 52 p. m.
865;12:22:56;;865,12 22 56 p. m.
340;12:23:12;;340,12 23 12 p. m.
343;12:23:18;;343,12 23 18 p. m.
146;12:23:20;;146,12 23 20 p. m.
136;12:23:30;;136,12 23 30 p. m.
409;12:23:32;;409,12 23 32 p. m.
501;12:23:53;;501,12 23 53 p. m.
613;12:24:01;;613,12 24 01 p. m.
31;12:24:08;;31,12 24 08 p. m.
574;12:24:12;;574,12 24 12 p. m.
161;12:24:31;;161,12 24 31 p. m.
1010;12:24:36;;1010,12 24 36 p. m.
343;12:24:41;;343,12 24 41 p. m.
636;12:24:44;;636,12 24 44 p. m.
613;12:24:45;;613,12 24 45 p. m.
136;12:25:10;;136,12 25 10 p. m.
718;12:25:11;;718,12 25 11 p. m.
832;12:25:19;;832,12 25 19 p. m.
343;12:25:38;;343,12 25 38 p. m.
605;12:25:44;;605,12 25 44 p. m.
294;12:25:51;;294,12 25 51 p. m.
725;12:25:57;;725,12 25 57 p. m.
376;12:25:58;;376,12 25 58 p. m.
753;12:26:13;;753,12 26 13 p. m.
17;12:26:31;;17,12 26 31 p. m.
85;12:26:34;;85,12 26 34 p. m.
703;12:26:46;;703,12 26 46 p. m.
552;12:26:54;;552,12 26 54 p. m.
84;12:26:58;;84,12 26 58 p. m.
146;12:27:00;;146,12 27 00 p. m.
340;12:27:07;;340,12 27 07 p. m.
542;12:27:07;;542,12 27 07 p. m.
159;12:27:16;;159,12 27 16 p. m.
187;12:27:22;;187,12 27 22 p. m.
446;12:27:30;;446,12 27 30 p. m.
343;12:27:33;;343,12 27 33 p. m.
591;12:27:39;;591,12 27 39 p. m.
703;12:27:47;;703,12 27 47 p. m.
112;12:28:01;;112,12 28 01 p. m.
990;12:28:09;;990,12 28 09 p. m.
498;12:28:25;;498,12 28 25 p. m.
343;12:28:38;;343,12 28 38 p. m.
142;12:28:42;;142,12 28 42 p. m.
68;12:29:04;;68,12 29 04 p. m.
636;12:29:04;;636,12 29 04 p. m.
591;12:29:04;;591,12 29 04 p. m.
574;12:29:34;;574,12 29 34 p. m.
537;12:29:44;;537,12 29 44 p. m.
993;12:30:05;;993,12 30 05 p. m.
651;12:30:15;;651,12 30 15 p. m.
795;12:30:16;;795,12 30 16 p. m.
542;12:30:17;;542,12 30 17 p. m.
47;12:30:26;;47,12 30 26 p. m.
154;12:30:27;;154,12 30 27 p. m.
85;12:31:05;;85,12 31 05 p. m.
470;12:31:06;;470,12 31 06 p. m.
578;12:31:11;;578,12 31 11 p. m.
275;12:31:37;;275,12 31 37 p. m.
628;12:31:52;;628,12 31 52 p. m.
993;12:31:58;;993,12 31 58 p. m.
432;12:32:02;;432,12 32 02 p. m.
844;12:32:03;;844,12 32 03 p. m.
136;12:32:04;;136,12 32 04 p. m.
970;12:32:05;;970,12 32 05 p. m.
161;12:32:20;;161,12 32 20 p. m.
837;12:32:23;;837,12 32 23 p. m.
146;12:32:47;;146,12 32 47 p. m.
31;12:32:49;;31,12 32 49 p. m.
340;12:32:55;;340,12 32 55 p. m.
432;12:32:55;;432,12 32 55 p. m.
993;12:32:56;;993,12 32 56 p. m.
517;12:33:01;;517,12 33 01 p. m.
715;12:33:01;;715,12 33 01 p. m.
262;12:33:07;;262,12 33 07 p. m.
613;12:33:30;;613,12 33 30 p. m.
957;12:33:35;;957,12 33 35 p. m.
993;12:33:50;;993,12 33 50 p. m.
36;12:35:02;;36,12 35 02 p. m.
291;12:35:05;;291,12 35 05 p. m.
51;12:35:13;;51,12 35 13 p. m.
595;12:35:26;;595,12 35 26 p. m.
283;12:35:39;;283,12 35 39 p. m.
618;12:35:49;;618,12 35 49 p. m.
51;12:35:56;;51,12 35 56 p. m.
633;12:36:06;;633,12 36 06 p. m.
85;12:36:07;;85,12 36 07 p. m.
343;12:36:07;;343,12 36 07 p. m.
470;12:36:08;;470,12 36 08 p. m.
613;12:36:08;;613,12 36 08 p. m.
51;12:36:12;;51,12 36 12 p. m.
760;12:36:14;;760,12 36 14 p. m.
542;12:36:15;;542,12 36 15 p. m.
51;12:36:16;;51,12 36 16 p. m.
809;12:36:17;;809,12 36 17 p. m.
423;12:36:20;;423,12 36 20 p. m.
51;12:36:28;;51,12 36 28 p. m.
824;12:36:44;;824,12 36 44 p. m.
166;12:36:50;;166,12 36 50 p. m.
636;12:37:00;;636,12 37 00 p. m.
600;12:37:05;;600,12 37 05 p. m.
432;12:37:10;;432,12 37 10 p. m.
566;12:37:18;;566,12 37 18 p. m.
259;12:37:26;;259,12 37 26 p. m.
613;12:37:37;;613,12 37 37 p. m.
285;12:37:54;;285,12 37 54 p. m.
993;12:38:14;;993,12 38 14 p. m.
51;12:38:25;;51,12 38 25 p. m.
166;12:38:35;;166,12 38 35 p. m.
85;12:38:43;;85,12 38 43 p. m.
675;12:38:55;;675,12 38 55 p. m.
51;12:38:57;;51,12 38 57 p. m.
1001;12:39:28;;1001,12 39 28 p. m.
343;12:39:48;;343,12 39 48 p. m.
51;12:40:00;;51,12 40 00 p. m.
947;12:40:05;;947,12 40 05 p. m.
329;12:40:08;;329,12 40 08 p. m.
343;12:40:12;;343,12 40 12 p. m.
83;12:40:15;;83,12 40 15 p. m.
36;12:40:16;;36,12 40 16 p. m.
294;12:40:22;;294,12 40 22 p. m.
47;12:40:26;;47,12 40 26 p. m.
68;12:40:32;;68,12 40 32 p. m.
993;12:40:32;;993,12 40 32 p. m.
438;12:40:45;;438,12 40 45 p. m.
19;12:41:07;;19,12 41 07 p. m.
651;12:41:11;;651,12 41 11 p. m.
416;12:41:14;;416,12 41 14 p. m.
446;12:41:21;;446,12 41 21 p. m.
517;12:41:24;;517,12 41 24 p. m.
596;12:41:32;;596,12 41 32 p. m.
485;12:41:35;;485,12 41 35 p. m.
418;12:41:52;;418,12 41 52 p. m.
51;12:41:54;;51,12 41 54 p. m.
51;12:42:06;;51,12 42 06 p. m.
423;12:42:09;;423,12 42 09 p. m.
69;12:42:12;;69,12 42 12 p. m.
51;12:42:15;;51,12 42 15 p. m.
795;12:42:27;;795,12 42 27 p. m.
51;12:42:27;;51,12 42 27 p. m.
51;12:42:57;;51,12 42 57 p. m.
673;12:43:20;;673,12 43 20 p. m.
51;12:43:21;;51,12 43 21 p. m.
416;12:43:29;;416,12 43 29 p. m.
17;12:43:48;;17,12 43 48 p. m.
832;12:43:49;;832,12 43 49 p. m.
159;12:43:54;;159,12 43 54 p. m.
694;12:43:54;;694,12 43 54 p. m.
90;12:43:55;;90,12 43 55 p. m.
490;12:44:04;;490,12 44 04 p. m.
36;12:44:06;;36,12 44 06 p. m.
436;12:44:07;;436,12 44 07 p. m.
850;12:44:10;;850,12 44 10 p. m.
51;12:44:11;;51,12 44 11 p. m.
957;12:44:12;;957,12 44 12 p. m.
607;12:44:13;;607,12 44 13 p. m.
142;12:44:13;;142,12 44 13 p. m.
837;12:44:27;;837,12 44 27 p. m.
17;12:44:31;;17,12 44 31 p. m.
340;12:44:33;;340,12 44 33 p. m.
51;12:44:34;;51,12 44 34 p. m.
432;12:44:49;;432,12 44 49 p. m.
607;12:44:53;;607,12 44 53 p. m.
401;12:45:08;;401,12 45 08 p. m.
51;12:45:16;;51,12 45 16 p. m.
136;12:45:17;;136,12 45 17 p. m.
136;12:45:26;;136,12 45 26 p. m.
997;12:45:27;;997,12 45 27 p. m.
51;12:45:33;;51,12 45 33 p. m.
142;12:45:48;;142,12 45 48 p. m.
997;12:45:58;;997,12 45 58 p. m.
84;12:46:01;;84,12 46 01 p. m.
116;12:46:16;;116,12 46 16 p. m.
136;12:46:24;;136,12 46 24 p. m.
865;12:46:27;;865,12 46 27 p. m.
897;12:46:32;;897,12 46 32 p. m.
136;12:46:32;;136,12 46 32 p. m.
51;12:46:40;;51,12 46 40 p. m.
51;12:46:44;;51,12 46 44 p. m.
832;12:46:46;;832,12 46 46 p. m.
300;12:47:02;;300,12 47 02 p. m.
982;12:47:11;;982,12 47 11 p. m.
532;12:47:15;;532,12 47 15 p. m.
51;12:47:16;;51,12 47 16 p. m.
844;12:47:39;;844,12 47 39 p. m.
51;12:47:40;;51,12 47 40 p. m.
636;12:47:44;;636,12 47 44 p. m.
636;12:47:49;;636,12 47 49 p. m.
837;12:47:54;;837,12 47 54 p. m.
51;12:47:55;;51,12 47 55 p. m.
800;12:48:07;;800,12 48 07 p. m.
970;12:48:08;;970,12 48 08 p. m.
1000;12:48:24;;1000,12 48 24 p. m.
703;12:48:26;;703,12 48 26 p. m.
51;12:48:34;;51,12 48 34 p. m.
376;12:48:37;;376,12 48 37 p. m.
51;12:48:42;;51,12 48 42 p. m.
51;12:48:43;;51,12 48 43 p. m.
850;12:48:54;;850,12 48 54 p. m.
283;12:49:09;;283,12 49 09 p. m.
897;12:49:13;;897,12 49 13 p. m.
773;12:49:16;;773,12 49 16 p. m.
51;12:49:17;;51,12 49 17 p. m.
725;12:49:18;;725,12 49 18 p. m.
725;12:49:24;;725,12 49 24 p. m.
639;12:49:36;;639,12 49 36 p. m.
92;12:49:52;;92,12 49 52 p. m.
843;12:50:08;;843,12 50 08 p. m.
51;12:50:09;;51,12 50 09 p. m.
446;12:50:25;;446,12 50 25 p. m.
51;12:50:28;;51,12 50 28 p. m.
568;12:50:47;;568,12 50 47 p. m.
146;12:50:51;;146,12 50 51 p. m.
957;12:51:01;;957,12 51 01 p. m.
827;12:51:02;;827,12 51 02 p. m.
574;12:51:11;;574,12 51 11 p. m.
636;12:51:22;;636,12 51 22 p. m.
574;12:51:35;;574,12 51 35 p. m.
212;12:51:35;;212,12 51 35 p. m.
566;12:51:38;;566,12 51 38 p. m.
51;12:51:44;;51,12 51 44 p. m.
51;12:51:46;;51,12 51 46 p. m.
835;12:51:48;;835,12 51 48 p. m.
653;12:51:51;;653,12 51 51 p. m.
51;12:51:52;;51,12 51 52 p. m.
51;12:52:03;;51,12 52 03 p. m.
51;12:52:09;;51,12 52 09 p. m.
574;12:52:48;;574,12 52 48 p. m.
51;12:52:57;;51,12 52 57 p. m.
51;12:52:59;;51,12 52 59 p. m.
595;12:53:07;;595,12 53 07 p. m.
739;12:53:10;;739,12 53 10 p. m.
566;12:53:10;;566,12 53 10 p. m.
542;12:53:16;;542,12 53 16 p. m.
51;12:53:18;;51,12 53 18 p. m.
628;12:53:22;;628,12 53 22 p. m.
501;12:53:29;;501,12 53 29 p. m.
501;12:53:34;;501,12 53 34 p. m.
262;12:53:35;;262,12 53 35 p. m.
51;12:53:39;;51,12 53 39 p. m.
51;12:53:57;;51,12 53 57 p. m.
51;12:54:34;;51,12 54 34 p. m.
84;12:54:45;;84,12 54 45 p. m.
90;12:54:58;;90,12 54 58 p. m.
423;12:54:59;;423,12 54 59 p. m.
613;12:55:05;;613,12 55 05 p. m.
51;12:55:11;;51,12 55 11 p. m.
51;12:55:25;;51,12 55 25 p. m.
942;12:55:26;;942,12 55 26 p. m.
800;12:55:30;;800,12 55 30 p. m.
390;12:55:32;;390,12 55 32 p. m.
891;12:55:33;;891,12 55 33 p. m.
51;12:55:33;;51,12 55 33 p. m.
591;12:55:36;;591,12 55 36 p. m.
446;12:55:38;;446,12 55 38 p. m.
51;12:55:38;;51,12 55 38 p. m.
246;12:55:44;;246,12 55 44 p. m.
401;12:55:45;;401,12 55 45 p. m.
984;12:55:48;;984,12 55 48 p. m.
112;12:55:57;;112,12 55 57 p. m.
113;12:55:59;;113,12 55 59 p. m.
51;12:56:00;;51,12 56 00 p. m.
409;12:56:09;;409,12 56 09 p. m.
469;12:56:18;;469,12 56 18 p. m.
824;12:56:34;;824,12 56 34 p. m.
517;12:56:44;;517,12 56 44 p. m.
35;12:56:45;;35,12 56 45 p. m.
990;12:56:54;;990,12 56 54 p. m.
249;12:57:05;;249,12 57 05 p. m.
116;12:57:19;;116,12 57 19 p. m.
51;12:57:29;;51,12 57 29 p. m.
739;12:57:30;;739,12 57 30 p. m.
438;12:57:40;;438,12 57 40 p. m.
950;12:57:54;;950,12 57 54 p. m.
970;12:58:13;;970,12 58 13 p. m.
17;12:58:27;;17,12 58 27 p. m.
673;12:58:27;;673,12 58 27 p. m.
51;12:58:28;;51,12 58 28 p. m.
849;12:58:33;;849,12 58 33 p. m.
945;12:58:39;;945,12 58 39 p. m.
51;12:58:39;;51,12 58 39 p. m.
196;12:00:05;;196,12 00 05 p. m.
196;12:00:08;;196,12 00 08 p. m.
959;12:00:11;;959,12 00 11 p. m.
128;12:00:12;;128,12 00 12 p. m.
128;12:00:13;;128,12 00 13 p. m.
485;12:00:19;;485,12 00 19 p. m.
166;12:00:20;;166,12 00 20 p. m.
569;12:00:24;;569,12 00 24 p. m.
890;12:00:25;;890,12 00 25 p. m.
936;12:00:32;;936,12 00 32 p. m.
333;12:00:35;;333,12 00 35 p. m.
539;12:00:47;;539,12 00 47 p. m.
227;12:00:48;;227,12 00 48 p. m.
981;12:00:51;;981,12 00 51 p. m.
935;12:00:52;;935,12 00 52 p. m.
832;12:00:58;;832,12 00 58 p. m.
794;12:01:01;;794,12 01 01 p. m.
601;12:01:05;;601,12 01 05 p. m.
462;12:01:12;;462,12 01 12 p. m.
136;12:01:12;;136,12 01 12 p. m.
443;12:01:17;;443,12 01 17 p. m.
810;12:01:20;;810,12 01 20 p. m.
481;12:01:20;;481,12 01 20 p. m.
766;12:01:22;;766,12 01 22 p. m.
35;12:01:24;;35,12 01 24 p. m.
957;12:01:31;;957,12 01 31 p. m.
705;12:01:42;;705,12 01 42 p. m.
116;12:01:50;;116,12 01 50 p. m.
17;12:02:12;;17,12 02 12 p. m.
980;12:02:18;;980,12 02 18 p. m.
343;12:02:33;;343,12 02 33 p. m.
136;12:02:35;;136,12 02 35 p. m.
877;12:02:46;;877,12 02 46 p. m.
246;12:03:01;;246,12 03 01 p. m.
382;12:03:01;;382,12 03 01 p. m.
722;12:03:09;;722,12 03 09 p. m.
333;12:03:11;;333,12 03 11 p. m.
714;12:03:13;;714,12 03 13 p. m.
980;12:03:15;;980,12 03 15 p. m.
303;12:03:35;;303,12 03 35 p. m.
354;12:03:41;;354,12 03 41 p. m.
685;12:03:50;;685,12 03 50 p. m.
105;12:03:56;;105,12 03 56 p. m.
993;12:04:10;;993,12 04 10 p. m.
136;12:04:32;;136,12 04 32 p. m.
685;12:04:39;;685,12 04 39 p. m.
217;12:04:43;;217,12 04 43 p. m.
287;12:04:44;;287,12 04 44 p. m.
136;12:04:44;;136,12 04 44 p. m.
579;12:04:48;;579,12 04 48 p. m.
39;12:04:56;;39,12 04 56 p. m.
343;12:05:05;;343,12 05 05 p. m.
343;12:05:06;;343,12 05 06 p. m.
308;12:05:07;;308,12 05 07 p. m.
1010;12:05:10;;1010,12 05 10 p. m.
753;12:05:24;;753,12 05 24 p. m.
579;12:05:25;;579,12 05 25 p. m.
68;12:05:27;;68,12 05 27 p. m.
579;12:05:38;;579,12 05 38 p. m.
568;12:05:39;;568,12 05 39 p. m.
734;12:05:41;;734,12 05 41 p. m.
382;12:05:42;;382,12 05 42 p. m.
136;12:05:47;;136,12 05 47 p. m.
136;12:06:17;;136,12 06 17 p. m.
591;12:06:22;;591,12 06 22 p. m.
231;12:06:30;;231,12 06 30 p. m.
87;12:06:36;;87,12 06 36 p. m.
150;12:06:38;;150,12 06 38 p. m.
469;12:06:38;;469,12 06 38 p. m.
330;12:06:40;;330,12 06 40 p. m.
597;12:06:50;;597,12 06 50 p. m.
746;12:06:54;;746,12 06 54 p. m.
136;12:06:54;;136,12 06 54 p. m.
542;12:07:01;;542,12 07 01 p. m.
1004;12:07:05;;1004,12 07 05 p. m.
936;12:07:16;;936,12 07 16 p. m.
794;12:07:24;;794,12 07 24 p. m.
161;12:07:24;;161,12 07 24 p. m.
633;12:07:31;;633,12 07 31 p. m.
766;12:08:25;;766,12 08 25 p. m.
161;12:08:26;;161,12 08 26 p. m.
354;12:08:45;;354,12 08 45 p. m.
136;12:09:19;;136,12 09 19 p. m.
829;12:09:25;;829,12 09 25 p. m.
139;12:09:37;;139,12 09 37 p. m.
105;12:10:02;;105,12 10 02 p. m.
185;12:10:13;;185,12 10 13 p. m.
944;12:10:14;;944,12 10 14 p. m.
100;12:10:26;;100,12 10 26 p. m.
33;12:10:29;;33,12 10 29 p. m.
764;12:10:32;;764,12 10 32 p. m.
952;12:11:01;;952,12 11 01 p. m.
1000;12:11:16;;1000,12 11 16 p. m.
580;12:11:17;;580,12 11 17 p. m.
832;12:11:18;;832,12 11 18 p. m.
58;12:11:27;;58,12 11 27 p. m.
714;12:11:41;;714,12 11 41 p. m.
431;12:11:46;;431,12 11 46 p. m.
970;12:11:51;;970,12 11 51 p. m.
639;12:11:56;;639,12 11 56 p. m.
835;12:11:57;;835,12 11 57 p. m.
810;12:12:08;;810,12 12 08 p. m.
159;12:12:16;;159,12 12 16 p. m.
136;12:12:38;;136,12 12 38 p. m.
27;12:12:40;;27,12 12 40 p. m.
890;12:12:45;;890,12 12 45 p. m.
87;12:12:50;;87,12 12 50 p. m.
162;12:13:00;;162,12 13 00 p. m.
912;12:13:19;;912,12 13 19 p. m.
714;12:13:22;;714,12 13 22 p. m.
462;12:13:24;;462,12 13 24 p. m.
850;12:13:26;;850,12 13 26 p. m.
161;12:13:48;;161,12 13 48 p. m.
116;12:13:54;;116,12 13 54 p. m.
343;12:13:58;;343,12 13 58 p. m.
343;12:14:00;;343,12 14 00 p. m.
136;12:14:20;;136,12 14 20 p. m.
957;12:14:37;;957,12 14 37 p. m.
722;12:14:55;;722,12 14 55 p. m.
907;12:15:04;;907,12 15 04 p. m.
269;12:15:17;;269,12 15 17 p. m.
755;12:15:25;;755,12 15 25 p. m.
993;12:15:39;;993,12 15 39 p. m.
944;12:15:49;;944,12 15 49 p. m.
97;12:16:20;;97,12 16 20 p. m.
531;12:16:39;;531,12 16 39 p. m.
542;12:16:47;;542,12 16 47 p. m.
446;12:17:00;;446,12 17 00 p. m.
879;12:17:03;;879,12 17 03 p. m.
832;12:17:14;;832,12 17 14 p. m.
262;12:17:14;;262,12 17 14 p. m.
139;12:17:26;;139,12 17 26 p. m.
764;12:17:44;;764,12 17 44 p. m.
651;12:17:56;;651,12 17 56 p. m.
371;12:18:05;;371,12 18 05 p. m.
136;12:18:09;;136,12 18 09 p. m.
182;12:18:10;;182,12 18 10 p. m.
718;12:18:16;;718,12 18 16 p. m.
329;12:18:18;;329,12 18 18 p. m.
764;12:18:35;;764,12 18 35 p. m.
409;12:18:39;;409,12 18 39 p. m.
877;12:18:51;;877,12 18 51 p. m.
981;12:18:55;;981,12 18 55 p. m.
823;12:19:02;;823,12 19 02 p. m.
531;12:19:10;;531,12 19 10 p. m.
166;12:19:24;;166,12 19 24 p. m.
573;12:19:34;;573,12 19 34 p. m.
301;12:19:44;;301,12 19 44 p. m.
413;12:19:44;;413,12 19 44 p. m.
1004;12:19:51;;1004,12 19 51 p. m.
899;12:19:59;;899,12 19 59 p. m.
17;12:20:02;;17,12 20 02 p. m.
432;12:20:04;;432,12 20 04 p. m.
102;12:20:10;;102,12 20 10 p. m.
94;12:20:23;;94,12 20 23 p. m.
639;12:20:25;;639,12 20 25 p. m.
128;12:20:40;;128,12 20 40 p. m.
982;12:20:43;;982,12 20 43 p. m.
87;12:20:54;;87,12 20 54 p. m.
58;12:21:06;;58,12 21 06 p. m.
574;12:21:23;;574,12 21 23 p. m.
470;12:21:37;;470,12 21 37 p. m.
950;12:21:55;;950,12 21 55 p. m.
329;12:22:17;;329,12 22 17 p. m.
755;12:22:38;;755,12 22 38 p. m.
832;12:22:40;;832,12 22 40 p. m.
404;12:22:47;;404,12 22 47 p. m.
409;12:23:04;;409,12 23 04 p. m.
139;12:23:19;;139,12 23 19 p. m.
501;12:23:20;;501,12 23 20 p. m.
579;12:23:35;;579,12 23 35 p. m.
97;12:23:41;;97,12 23 41 p. m.
343;12:23:50;;343,12 23 50 p. m.
599;12:23:59;;599,12 23 59 p. m.
759;12:24:19;;759,12 24 19 p. m.
890;12:24:19;;890,12 24 19 p. m.
516;12:25:11;;516,12 25 11 p. m.
936;12:25:31;;936,12 25 31 p. m.
664;12:25:36;;664,12 25 36 p. m.
446;12:25:56;;446,12 25 56 p. m.
446;12:26:19;;446,12 26 19 p. m.
810;12:26:20;;810,12 26 20 p. m.
157;12:26:26;;157,12 26 26 p. m.
25;12:26:46;;25,12 26 46 p. m.
907;12:27:08;;907,12 27 08 p. m.
719;12:27:21;;719,12 27 21 p. m.
115;12:27:51;;115,12 27 51 p. m.
611;12:27:53;;611,12 27 53 p. m.
136;12:28:12;;136,12 28 12 p. m.
671;12:28:25;;671,12 28 25 p. m.
269;12:28:29;;269,12 28 29 p. m.
542;12:28:39;;542,12 28 39 p. m.
574;12:28:44;;574,12 28 44 p. m.
653;12:28:49;;653,12 28 49 p. m.
759;12:29:02;;759,12 29 02 p. m.
1010;12:29:23;;1010,12 29 23 p. m.
458;12:29:24;;458,12 29 24 p. m.
566;12:29:42;;566,12 29 42 p. m.
1000;12:29:52;;1000,12 29 52 p. m.
899;12:30:03;;899,12 30 03 p. m.
924;12:30:13;;924,12 30 13 p. m.
653;12:30:17;;653,12 30 17 p. m.
959;12:30:33;;959,12 30 33 p. m.
544;12:30:34;;544,12 30 34 p. m.
453;12:30:52;;453,12 30 52 p. m.
542;12:30:57;;542,12 30 57 p. m.
569;12:30:59;;569,12 30 59 p. m.
685;12:31:03;;685,12 31 03 p. m.
643;12:31:07;;643,12 31 07 p. m.
152;12:31:11;;152,12 31 11 p. m.
936;12:31:11;;936,12 31 11 p. m.
157;12:31:14;;157,12 31 14 p. m.
855;12:31:17;;855,12 31 17 p. m.
832;12:31:36;;832,12 31 36 p. m.
722;12:31:40;;722,12 31 40 p. m.
275;12:31:48;;275,12 31 48 p. m.
100;12:31:52;;100,12 31 52 p. m.
685;12:31:57;;685,12 31 57 p. m.
136;12:32:02;;136,12 32 02 p. m.
705;12:32:11;;705,12 32 11 p. m.
83;12:32:27;;83,12 32 27 p. m.
580;12:32:29;;580,12 32 29 p. m.
574;12:32:37;;574,12 32 37 p. m.
633;12:32:44;;633,12 32 44 p. m.
462;12:32:51;;462,12 32 51 p. m.
966;12:32:57;;966,12 32 57 p. m.
166;12:33:03;;166,12 33 03 p. m.
152;12:33:05;;152,12 33 05 p. m.
705;12:33:33;;705,12 33 33 p. m.
970;12:33:49;;970,12 33 49 p. m.
490;12:33:55;;490,12 33 55 p. m.
759;12:34:03;;759,12 34 03 p. m.
685;12:34:11;;685,12 34 11 p. m.
559;12:34:35;;559,12 34 35 p. m.
470;12:35:33;;470,12 35 33 p. m.
718;12:35:44;;718,12 35 44 p. m.
51;12:35:46;;51,12 35 46 p. m.
136;12:35:46;;136,12 35 46 p. m.
105;12:35:47;;105,12 35 47 p. m.
51;12:35:50;;51,12 35 50 p. m.
453;12:35:51;;453,12 35 51 p. m.
51;12:35:59;;51,12 35 59 p. m.
945;12:36:00;;945,12 36 00 p. m.
304;12:36:11;;304,12 36 11 p. m.
715;12:36:15;;715,12 36 15 p. m.
231;12:36:24;;231,12 36 24 p. m.
544;12:36:33;;544,12 36 33 p. m.
591;12:36:40;;591,12 36 40 p. m.
1000;12:36:46;;1000,12 36 46 p. m.
446;12:36:52;;446,12 36 52 p. m.
231;12:36:55;;231,12 36 55 p. m.
715;12:37:27;;715,12 37 27 p. m.
51;12:37:40;;51,12 37 40 p. m.
51;12:37:40;;51,12 37 40 p. m.
520;12:37:46;;520,12 37 46 p. m.
136;12:37:46;;136,12 37 46 p. m.
102;12:37:55;;102,12 37 55 p. m.
264;12:38:02;;264,12 38 02 p. m.
490;12:38:08;;490,12 38 08 p. m.
150;12:38:10;;150,12 38 10 p. m.
734;12:38:13;;734,12 38 13 p. m.
715;12:38:36;;715,12 38 36 p. m.
32;12:38:37;;32,12 38 37 p. m.
705;12:38:44;;705,12 38 44 p. m.
832;12:38:50;;832,12 38 50 p. m.
714;12:38:59;;714,12 38 59 p. m.
343;12:39:05;;343,12 39 05 p. m.
343;12:39:07;;343,12 39 07 p. m.
568;12:39:13;;568,12 39 13 p. m.
161;12:39:20;;161,12 39 20 p. m.
835;12:39:21;;835,12 39 21 p. m.
610;12:39:36;;610,12 39 36 p. m.
343;12:39:43;;343,12 39 43 p. m.
227;12:39:44;;227,12 39 44 p. m.
78;12:39:45;;78,12 39 45 p. m.
51;12:39:58;;51,12 39 58 p. m.
213;12:40:04;;213,12 40 04 p. m.
637;12:40:04;;637,12 40 04 p. m.
941;12:40:04;;941,12 40 04 p. m.
51;12:40:05;;51,12 40 05 p. m.
363;12:40:08;;363,12 40 08 p. m.
591;12:40:12;;591,12 40 12 p. m.
343;12:40:14;;343,12 40 14 p. m.
823;12:40:22;;823,12 40 22 p. m.
633;12:40:30;;633,12 40 30 p. m.
212;12:40:35;;212,12 40 35 p. m.
936;12:40:45;;936,12 40 45 p. m.
231;12:40:48;;231,12 40 48 p. m.
51;12:40:51;;51,12 40 51 p. m.
343;12:40:56;;343,12 40 56 p. m.
51;12:41:00;;51,12 41 00 p. m.
136;12:41:05;;136,12 41 05 p. m.
246;12:41:16;;246,12 41 16 p. m.
446;12:41:32;;446,12 41 32 p. m.
952;12:41:35;;952,12 41 35 p. m.
231;12:41:51;;231,12 41 51 p. m.
542;12:41:57;;542,12 41 57 p. m.
1000;12:41:59;;1000,12 41 59 p. m.
936;12:42:05;;936,12 42 05 p. m.
329;12:42:12;;329,12 42 12 p. m.
542;12:42:12;;542,12 42 12 p. m.
35;12:42:17;;35,12 42 17 p. m.
664;12:42:19;;664,12 42 19 p. m.
861;12:42:23;;861,12 42 23 p. m.
51;12:42:29;;51,12 42 29 p. m.
115;12:42:33;;115,12 42 33 p. m.
481;12:42:34;;481,12 42 34 p. m.
51;12:42:35;;51,12 42 35 p. m.
51;12:42:46;;51,12 42 46 p. m.
83;12:42:50;;83,12 42 50 p. m.
755;12:42:50;;755,12 42 50 p. m.
275;12:42:55;;275,12 42 55 p. m.
485;12:42:56;;485,12 42 56 p. m.
83;12:42:58;;83,12 42 58 p. m.
908;12:43:12;;908,12 43 12 p. m.
531;12:43:16;;531,12 43 16 p. m.
409;12:43:24;;409,12 43 24 p. m.
51;12:43:31;;51,12 43 31 p. m.
520;12:43:50;;520,12 43 50 p. m.
217;12:43:55;;217,12 43 55 p. m.
643;12:44:04;;643,12 44 04 p. m.
13;12:44:06;;13,12 44 06 p. m.
664;12:44:13;;664,12 44 13 p. m.
516;12:44:14;;516,12 44 14 p. m.
764;12:44:43;;764,12 44 43 p. m.
227;12:44:49;;227,12 44 49 p. m.
432;12:44:53;;432,12 44 53 p. m.
794;12:45:10;;794,12 45 10 p. m.
705;12:45:20;;705,12 45 20 p. m.
83;12:45:23;;83,12 45 23 p. m.
363;12:45:37;;363,12 45 37 p. m.
950;12:45:41;;950,12 45 41 p. m.
633;12:45:49;;633,12 45 49 p. m.
566;12:45:49;;566,12 45 49 p. m.
201;12:45:50;;201,12 45 50 p. m.
639;12:45:51;;639,12 45 51 p. m.
446;12:45:55;;446,12 45 55 p. m.
136;12:45:55;;136,12 45 55 p. m.
794;12:45:56;;794,12 45 56 p. m.
1004;12:45:58;;1004,12 45 58 p. m.
78;12:46:12;;78,12 46 12 p. m.
315;12:46:16;;315,12 46 16 p. m.
893;12:46:20;;893,12 46 20 p. m.
330;12:46:30;;330,12 46 30 p. m.
94;12:46:31;;94,12 46 31 p. m.
51;12:46:31;;51,12 46 31 p. m.
1000;12:46:35;;1000,12 46 35 p. m.
51;12:46:36;;51,12 46 36 p. m.
130;12:46:40;;130,12 46 40 p. m.
432;12:46:53;;432,12 46 53 p. m.
51;12:47:04;;51,12 47 04 p. m.
552;12:47:11;;552,12 47 11 p. m.
685;12:47:16;;685,12 47 16 p. m.
795;12:47:28;;795,12 47 28 p. m.
64;12:47:40;;64,12 47 40 p. m.
579;12:47:43;;579,12 47 43 p. m.
262;12:47:46;;262,12 47 46 p. m.
579;12:47:47;;579,12 47 47 p. m.
746;12:47:55;;746,12 47 55 p. m.
210;12:47:59;;210,12 47 59 p. m.
231;12:48:00;;231,12 48 00 p. m.
705;12:48:03;;705,12 48 03 p. m.
159;12:48:10;;159,12 48 10 p. m.
262;12:48:12;;262,12 48 12 p. m.
816;12:48:14;;816,12 48 14 p. m.
343;12:48:16;;343,12 48 16 p. m.
877;12:48:23;;877,12 48 23 p. m.
520;12:48:26;;520,12 48 26 p. m.
340;12:48:31;;340,12 48 31 p. m.
404;12:48:34;;404,12 48 34 p. m.
539;12:48:55;;539,12 48 55 p. m.
382;12:48:58;;382,12 48 58 p. m.
159;12:49:06;;159,12 49 06 p. m.
490;12:49:09;;490,12 49 09 p. m.
891;12:49:13;;891,12 49 13 p. m.
458;12:49:18;;458,12 49 18 p. m.
453;12:49:23;;453,12 49 23 p. m.
485;12:49:35;;485,12 49 35 p. m.
166;12:49:54;;166,12 49 54 p. m.
222;12:50:07;;222,12 50 07 p. m.
490;12:50:21;;490,12 50 21 p. m.
51;12:50:21;;51,12 50 21 p. m.
393;12:50:25;;393,12 50 25 p. m.
1010;12:51:08;;1010,12 51 08 p. m.
136;12:51:09;;136,12 51 09 p. m.
51;12:51:15;;51,12 51 15 p. m.
136;12:51:32;;136,12 51 32 p. m.
1003;12:51:35;;1003,12 51 35 p. m.
51;12:51:37;;51,12 51 37 p. m.
382;12:51:38;;382,12 51 38 p. m.
520;12:51:39;;520,12 51 39 p. m.
246;12:51:58;;246,12 51 58 p. m.
231;12:52:13;;231,12 52 13 p. m.
97;12:52:15;;97,12 52 15 p. m.
51;12:52:32;;51,12 52 32 p. m.
556;12:52:33;;556,12 52 33 p. m.
68;12:52:52;;68,12 52 52 p. m.
343;12:52:57;;343,12 52 57 p. m.
25;12:53:05;;25,12 53 05 p. m.
664;12:53:09;;664,12 53 09 p. m.
893;12:53:19;;893,12 53 19 p. m.
485;12:53:25;;485,12 53 25 p. m.
890;12:53:36;;890,12 53 36 p. m.
810;12:53:43;;810,12 53 43 p. m.
556;12:53:58;;556,12 53 58 p. m.
51;12:54:05;;51,12 54 05 p. m.
462;12:54:15;;462,12 54 15 p. m.
591;12:54:15;;591,12 54 15 p. m.
94;12:54:22;;94,12 54 22 p. m.
332;12:54:31;;332,12 54 31 p. m.
621;12:54:34;;621,12 54 34 p. m.
154;12:55:01;;154,12 55 01 p. m.
462;12:55:03;;462,12 55 03 p. m.
36;12:55:06;;36,12 55 06 p. m.
970;12:55:11;;970,12 55 11 p. m.
212;12:55:12;;212,12 55 12 p. m.
1003;12:55:12;;1003,12 55 12 p. m.
809;12:55:15;;809,12 55 15 p. m.
759;12:55:24;;759,12 55 24 p. m.
980;12:55:33;;980,12 55 33 p. m.
22;12:55:43;;22,12 55 43 p. m.
945;12:55:47;;945,12 55 47 p. m.
436;12:55:58;;436,12 55 58 p. m.
539;12:56:01;;539,12 56 01 p. m.
457;12:56:06;;457,12 56 06 p. m.
469;12:56:18;;469,12 56 18 p. m.
544;12:56:20;;544,12 56 20 p. m.
462;12:56:27;;462,12 56 27 p. m.
51;12:56:44;;51,12 56 44 p. m.
957;12:56:47;;957,12 56 47 p. m.
552;12:56:56;;552,12 56 56 p. m.
51;12:57:33;;51,12 57 33 p. m.
794;12:57:53;;794,12 57 53 p. m.
597;12:57:54;;597,12 57 54 p. m.
401;12:58:01;;401,12 58 01 p. m.
632;12:58:01;;632,12 58 01 p. m.
41;12:58:02;;41,12 58 02 p. m.
611;12:58:03;;611,12 58 03 p. m.
105;12:58:04;;105,12 58 04 p. m.
51;12:58:14;;51,12 58 14 p. m.
161;12:58:16;;161,12 58 16 p. m.
154;12:58:39;;154,12 58 39 p. m.
87;12:58:40;;87,12 58 40 p. m.
835;12:58:55;;835,12 58 55 p. m.
304;12:00:17;;304,12 00 17 p. m.
718;12:00:55;;718,12 00 55 p. m.
218;12:01:00;;218,12 01 00 p. m.
850;12:01:02;;850,12 01 02 p. m.
8;12:01:06;;8,12 01 06 p. m.
639;12:01:06;;639,12 01 06 p. m.
887;12:01:20;;887,12 01 20 p. m.
837;12:01:33;;837,12 01 33 p. m.
501;12:01:33;;501,12 01 33 p. m.
327;12:01:39;;327,12 01 39 p. m.
557;12:01:54;;557,12 01 54 p. m.
943;12:01:57;;943,12 01 57 p. m.
1003;12:02:09;;1003,12 02 09 p. m.
821;12:02:10;;821,12 02 10 p. m.
363;12:02:11;;363,12 02 11 p. m.
707;12:02:18;;707,12 02 18 p. m.
154;12:02:21;;154,12 02 21 p. m.
812;12:02:40;;812,12 02 40 p. m.
1004;12:02:45;;1004,12 02 45 p. m.
970;12:02:49;;970,12 02 49 p. m.
625;12:02:57;;625,12 02 57 p. m.
129;12:03:34;;129,12 03 34 p. m.
932;12:03:56;;932,12 03 56 p. m.
874;12:03:57;;874,12 03 57 p. m.
917;12:04:08;;917,12 04 08 p. m.
718;12:04:09;;718,12 04 09 p. m.
145;12:04:10;;145,12 04 10 p. m.
778;12:04:34;;778,12 04 34 p. m.
115;12:04:34;;115,12 04 34 p. m.
274;12:04:43;;274,12 04 43 p. m.
797;12:04:45;;797,12 04 45 p. m.
970;12:04:45;;970,12 04 45 p. m.
100;12:04:46;;100,12 04 46 p. m.
283;12:04:58;;283,12 04 58 p. m.
142;12:05:14;;142,12 05 14 p. m.
835;12:05:19;;835,12 05 19 p. m.
231;12:05:33;;231,12 05 33 p. m.
462;12:05:41;;462,12 05 41 p. m.
734;12:06:06;;734,12 06 06 p. m.
794;12:06:08;;794,12 06 08 p. m.
552;12:06:19;;552,12 06 19 p. m.
453;12:06:20;;453,12 06 20 p. m.
837;12:06:25;;837,12 06 25 p. m.
559;12:06:27;;559,12 06 27 p. m.
142;12:06:31;;142,12 06 31 p. m.
469;12:06:38;;469,12 06 38 p. m.
401;12:06:43;;401,12 06 43 p. m.
777;12:06:45;;777,12 06 45 p. m.
136;12:06:49;;136,12 06 49 p. m.
304;12:07:05;;304,12 07 05 p. m.
340;12:07:05;;340,12 07 05 p. m.
557;12:07:13;;557,12 07 13 p. m.
416;12:07:14;;416,12 07 14 p. m.
636;12:07:19;;636,12 07 19 p. m.
868;12:07:27;;868,12 07 27 p. m.
79;12:07:37;;79,12 07 37 p. m.
636;12:07:39;;636,12 07 39 p. m.
17;12:07:45;;17,12 07 45 p. m.
303;12:07:54;;303,12 07 54 p. m.
619;12:08:06;;619,12 08 06 p. m.
436;12:08:07;;436,12 08 07 p. m.
725;12:08:26;;725,12 08 26 p. m.
92;12:08:30;;92,12 08 30 p. m.
571;12:08:33;;571,12 08 33 p. m.
136;12:08:47;;136,12 08 47 p. m.
1004;12:08:51;;1004,12 08 51 p. m.
416;12:09:20;;416,12 09 20 p. m.
829;12:09:24;;829,12 09 24 p. m.
574;12:09:40;;574,12 09 40 p. m.
812;12:09:52;;812,12 09 52 p. m.
718;12:09:54;;718,12 09 54 p. m.
998;12:10:12;;998,12 10 12 p. m.
542;12:10:18;;542,12 10 18 p. m.
992;12:10:20;;992,12 10 20 p. m.
891;12:10:33;;891,12 10 33 p. m.
600;12:10:43;;600,12 10 43 p. m.
327;12:10:43;;327,12 10 43 p. m.
218;12:10:46;;218,12 10 46 p. m.
957;12:10:59;;957,12 10 59 p. m.
574;12:11:20;;574,12 11 20 p. m.
185;12:11:30;;185,12 11 30 p. m.
957;12:11:38;;957,12 11 38 p. m.
431;12:11:46;;431,12 11 46 p. m.
625;12:11:52;;625,12 11 52 p. m.
725;12:12:35;;725,12 12 35 p. m.
707;12:12:38;;707,12 12 38 p. m.
250;12:12:42;;250,12 12 42 p. m.
534;12:12:59;;534,12 12 59 p. m.
371;12:13:03;;371,12 13 03 p. m.
943;12:13:21;;943,12 13 21 p. m.
970;12:13:31;;970,12 13 31 p. m.
136;12:13:38;;136,12 13 38 p. m.
671;12:13:42;;671,12 13 42 p. m.
967;12:13:46;;967,12 13 46 p. m.
465;12:13:55;;465,12 13 55 p. m.
672;12:14:08;;672,12 14 08 p. m.
453;12:14:08;;453,12 14 08 p. m.
350;12:14:16;;350,12 14 16 p. m.
837;12:14:21;;837,12 14 21 p. m.
718;12:14:25;;718,12 14 25 p. m.
436;12:14:51;;436,12 14 51 p. m.
166;12:14:52;;166,12 14 52 p. m.
1004;12:15:03;;1004,12 15 03 p. m.
43;12:15:23;;43,12 15 23 p. m.
136;12:15:24;;136,12 15 24 p. m.
542;12:15:38;;542,12 15 38 p. m.
275;12:15:44;;275,12 15 44 p. m.
352;12:15:52;;352,12 15 52 p. m.
921;12:15:55;;921,12 15 55 p. m.
625;12:15:56;;625,12 15 56 p. m.
343;12:16:09;;343,12 16 09 p. m.
154;12:16:20;;154,12 16 20 p. m.
259;12:16:23;;259,12 16 23 p. m.
99;12:16:25;;99,12 16 25 p. m.
343;12:16:29;;343,12 16 29 p. m.
613;12:16:30;;613,12 16 30 p. m.
540;12:16:37;;540,12 16 37 p. m.
446;12:16:39;;446,12 16 39 p. m.
31;12:16:56;;31,12 16 56 p. m.
41;12:16:57;;41,12 16 57 p. m.
970;12:17:12;;970,12 17 12 p. m.
926;12:17:48;;926,12 17 48 p. m.
998;12:17:56;;998,12 17 56 p. m.
566;12:18:00;;566,12 18 00 p. m.
159;12:18:07;;159,12 18 07 p. m.
594;12:18:14;;594,12 18 14 p. m.
541;12:18:15;;541,12 18 15 p. m.
136;12:18:15;;136,12 18 15 p. m.
566;12:18:18;;566,12 18 18 p. m.
707;12:18:20;;707,12 18 20 p. m.
92;12:18:23;;92,12 18 23 p. m.
943;12:18:28;;943,12 18 28 p. m.
231;12:18:31;;231,12 18 31 p. m.
707;12:18:32;;707,12 18 32 p. m.
810;12:18:33;;810,12 18 33 p. m.
874;12:18:35;;874,12 18 35 p. m.
87;12:18:40;;87,12 18 40 p. m.
633;12:18:42;;633,12 18 42 p. m.
404;12:18:55;;404,12 18 55 p. m.
574;12:19:05;;574,12 19 05 p. m.
707;12:19:11;;707,12 19 11 p. m.
343;12:19:14;;343,12 19 14 p. m.
401;12:19:25;;401,12 19 25 p. m.
166;12:19:36;;166,12 19 36 p. m.
718;12:20:41;;718,12 20 41 p. m.
136;12:20:46;;136,12 20 46 p. m.
886;12:20:50;;886,12 20 50 p. m.
725;12:20:51;;725,12 20 51 p. m.
462;12:20:54;;462,12 20 54 p. m.
462;12:21:14;;462,12 21 14 p. m.
35;12:21:16;;35,12 21 16 p. m.
734;12:21:25;;734,12 21 25 p. m.
436;12:21:28;;436,12 21 28 p. m.
77;12:21:29;;77,12 21 29 p. m.
816;12:21:47;;816,12 21 47 p. m.
959;12:21:48;;959,12 21 48 p. m.
861;12:21:56;;861,12 21 56 p. m.
990;12:22:03;;990,12 22 03 p. m.
944;12:22:14;;944,12 22 14 p. m.
636;12:22:42;;636,12 22 42 p. m.
992;12:22:46;;992,12 22 46 p. m.
436;12:22:47;;436,12 22 47 p. m.
675;12:22:58;;675,12 22 58 p. m.
404;12:23:00;;404,12 23 00 p. m.
967;12:23:03;;967,12 23 03 p. m.
722;12:23:09;;722,12 23 09 p. m.
633;12:23:15;;633,12 23 15 p. m.
1004;12:23:26;;1004,12 23 26 p. m.
407;12:23:50;;407,12 23 50 p. m.
552;12:23:53;;552,12 23 53 p. m.
199;12:24:11;;199,12 24 11 p. m.
35;12:24:18;;35,12 24 18 p. m.
718;12:24:27;;718,12 24 27 p. m.
142;12:24:49;;142,12 24 49 p. m.
891;12:25:05;;891,12 25 05 p. m.
136;12:25:10;;136,12 25 10 p. m.
184;12:25:38;;184,12 25 38 p. m.
162;12:25:47;;162,12 25 47 p. m.
919;12:26:10;;919,12 26 10 p. m.
166;12:26:17;;166,12 26 17 p. m.
402;12:26:21;;402,12 26 21 p. m.
516;12:26:34;;516,12 26 34 p. m.
343;12:26:37;;343,12 26 37 p. m.
242;12:26:39;;242,12 26 39 p. m.
921;12:27:12;;921,12 27 12 p. m.
129;12:27:43;;129,12 27 43 p. m.
136;12:27:50;;136,12 27 50 p. m.
436;12:28:10;;436,12 28 10 p. m.
231;12:28:11;;231,12 28 11 p. m.
556;12:28:12;;556,12 28 12 p. m.
598;12:28:27;;598,12 28 27 p. m.
78;12:28:28;;78,12 28 28 p. m.
886;12:28:37;;886,12 28 37 p. m.
532;12:28:46;;532,12 28 46 p. m.
540;12:28:48;;540,12 28 48 p. m.
937;12:28:56;;937,12 28 56 p. m.
136;12:28:57;;136,12 28 57 p. m.
619;12:28:59;;619,12 28 59 p. m.
837;12:29:06;;837,12 29 06 p. m.
965;12:29:07;;965,12 29 07 p. m.
722;12:29:13;;722,12 29 13 p. m.
343;12:29:13;;343,12 29 13 p. m.
608;12:29:44;;608,12 29 44 p. m.
552;12:30:07;;552,12 30 07 p. m.
636;12:30:19;;636,12 30 19 p. m.
159;12:30:21;;159,12 30 21 p. m.
99;12:30:32;;99,12 30 32 p. m.
794;12:30:37;;794,12 30 37 p. m.
501;12:30:41;;501,12 30 41 p. m.
816;12:30:52;;816,12 30 52 p. m.
382;12:30:56;;382,12 30 56 p. m.
343;12:31:02;;343,12 31 02 p. m.
998;12:31:14;;998,12 31 14 p. m.
436;12:31:24;;436,12 31 24 p. m.
917;12:31:35;;917,12 31 35 p. m.
199;12:31:45;;199,12 31 45 p. m.
671;12:31:46;;671,12 31 46 p. m.
812;12:31:46;;812,12 31 46 p. m.
837;12:31:49;;837,12 31 49 p. m.
300;12:32:29;;300,12 32 29 p. m.
753;12:32:41;;753,12 32 41 p. m.
142;12:32:58;;142,12 32 58 p. m.
990;12:33:04;;990,12 33 04 p. m.
136;12:33:11;;136,12 33 11 p. m.
161;12:33:15;;161,12 33 15 p. m.
352;12:33:16;;352,12 33 16 p. m.
618;12:33:36;;618,12 33 36 p. m.
154;12:33:39;;154,12 33 39 p. m.
136;12:33:47;;136,12 33 47 p. m.
416;12:33:49;;416,12 33 49 p. m.
943;12:33:51;;943,12 33 51 p. m.
552;12:33:56;;552,12 33 56 p. m.
407;12:33:58;;407,12 33 58 p. m.
639;12:34:08;;639,12 34 08 p. m.
620;12:34:21;;620,12 34 21 p. m.
926;12:34:34;;926,12 34 34 p. m.
613;12:34:34;;613,12 34 34 p. m.
467;12:34:40;;467,12 34 40 p. m.
78;12:34:47;;78,12 34 47 p. m.
51;12:34:48;;51,12 34 48 p. m.
982;12:34:51;;982,12 34 51 p. m.
725;12:34:54;;725,12 34 54 p. m.
886;12:35:16;;886,12 35 16 p. m.
51;12:35:21;;51,12 35 21 p. m.
136;12:35:21;;136,12 35 21 p. m.
47;12:35:24;;47,12 35 24 p. m.
154;12:35:27;;154,12 35 27 p. m.
943;12:35:33;;943,12 35 33 p. m.
51;12:35:34;;51,12 35 34 p. m.
636;12:35:37;;636,12 35 37 p. m.
934;12:35:40;;934,12 35 40 p. m.
618;12:35:42;;618,12 35 42 p. m.
662;12:35:44;;662,12 35 44 p. m.
613;12:35:49;;613,12 35 49 p. m.
51;12:35:50;;51,12 35 50 p. m.
937;12:35:53;;937,12 35 53 p. m.
51;12:35:55;;51,12 35 55 p. m.
574;12:36:01;;574,12 36 01 p. m.
51;12:36:09;;51,12 36 09 p. m.
619;12:36:14;;619,12 36 14 p. m.
51;12:36:14;;51,12 36 14 p. m.
594;12:36:36;;594,12 36 36 p. m.
51;12:36:49;;51,12 36 49 p. m.
136;12:36:49;;136,12 36 49 p. m.
303;12:36:53;;303,12 36 53 p. m.
51;12:36:53;;51,12 36 53 p. m.
598;12:36:57;;598,12 36 57 p. m.
490;12:37:05;;490,12 37 05 p. m.
51;12:37:29;;51,12 37 29 p. m.
231;12:37:31;;231,12 37 31 p. m.
816;12:37:31;;816,12 37 31 p. m.
51;12:37:45;;51,12 37 45 p. m.
718;12:37:46;;718,12 37 46 p. m.
300;12:37:58;;300,12 37 58 p. m.
636;12:37:59;;636,12 37 59 p. m.
241;12:38:08;;241,12 38 08 p. m.
185;12:38:37;;185,12 38 37 p. m.
887;12:38:47;;887,12 38 47 p. m.
51;12:39:01;;51,12 39 01 p. m.
540;12:39:05;;540,12 39 05 p. m.
51;12:39:05;;51,12 39 05 p. m.
343;12:39:11;;343,12 39 11 p. m.
41;12:39:12;;41,12 39 12 p. m.
159;12:39:17;;159,12 39 17 p. m.
300;12:39:21;;300,12 39 21 p. m.
51;12:39:23;;51,12 39 23 p. m.
849;12:39:26;;849,12 39 26 p. m.
234;12:39:54;;234,12 39 54 p. m.
352;12:39:59;;352,12 39 59 p. m.
69;12:40:35;;69,12 40 35 p. m.
462;12:40:37;;462,12 40 37 p. m.
937;12:40:39;;937,12 40 39 p. m.
557;12:40:45;;557,12 40 45 p. m.
231;12:40:56;;231,12 40 56 p. m.
874;12:41:00;;874,12 41 00 p. m.
921;12:41:03;;921,12 41 03 p. m.
861;12:41:10;;861,12 41 10 p. m.
51;12:41:11;;51,12 41 11 p. m.
540;12:41:14;;540,12 41 14 p. m.
552;12:41:23;;552,12 41 23 p. m.
676;12:41:27;;676,12 41 27 p. m.
340;12:41:37;;340,12 41 37 p. m.
51;12:41:44;;51,12 41 44 p. m.
241;12:41:46;;241,12 41 46 p. m.
600;12:42:07;;600,12 42 07 p. m.
242;12:42:07;;242,12 42 07 p. m.
231;12:42:11;;231,12 42 11 p. m.
51;12:42:21;;51,12 42 21 p. m.
992;12:42:47;;992,12 42 47 p. m.
343;12:43:02;;343,12 43 02 p. m.
146;12:43:06;;146,12 43 06 p. m.
500;12:43:07;;500,12 43 07 p. m.
594;12:43:11;;594,12 43 11 p. m.
1004;12:43:12;;1004,12 43 12 p. m.
998;12:43:24;;998,12 43 24 p. m.
932;12:43:31;;932,12 43 31 p. m.
83;12:43:34;;83,12 43 34 p. m.
87;12:43:39;;87,12 43 39 p. m.
51;12:43:45;;51,12 43 45 p. m.
51;12:43:56;;51,12 43 56 p. m.
575;12:44:02;;575,12 44 02 p. m.
343;12:44:03;;343,12 44 03 p. m.
51;12:44:16;;51,12 44 16 p. m.
51;12:44:16;;51,12 44 16 p. m.
557;12:44:26;;557,12 44 26 p. m.
625;12:44:28;;625,12 44 28 p. m.
51;12:44:30;;51,12 44 30 p. m.
51;12:44:33;;51,12 44 33 p. m.
154;12:44:51;;154,12 44 51 p. m.
343;12:44:52;;343,12 44 52 p. m.
734;12:44:53;;734,12 44 53 p. m.
625;12:44:59;;625,12 44 59 p. m.
131;12:44:59;;131,12 44 59 p. m.
51;12:45:02;;51,12 45 02 p. m.
566;12:45:10;;566,12 45 10 p. m.
51;12:45:19;;51,12 45 19 p. m.
350;12:45:30;;350,12 45 30 p. m.
259;12:45:33;;259,12 45 33 p. m.
25;12:45:37;;25,12 45 37 p. m.
684;12:45:37;;684,12 45 37 p. m.
343;12:45:46;;343,12 45 46 p. m.
136;12:45:52;;136,12 45 52 p. m.
154;12:45:53;;154,12 45 53 p. m.
87;12:45:58;;87,12 45 58 p. m.
25;12:46:15;;25,12 46 15 p. m.
142;12:46:17;;142,12 46 17 p. m.
1003;12:46:18;;1003,12 46 18 p. m.
541;12:46:19;;541,12 46 19 p. m.
69;12:46:25;;69,12 46 25 p. m.
613;12:46:32;;613,12 46 32 p. m.
241;12:46:43;;241,12 46 43 p. m.
541;12:46:45;;541,12 46 45 p. m.
534;12:46:50;;534,12 46 50 p. m.
816;12:46:59;;816,12 46 59 p. m.
51;12:47:01;;51,12 47 01 p. m.
675;12:47:09;;675,12 47 09 p. m.
613;12:47:22;;613,12 47 22 p. m.
707;12:47:24;;707,12 47 24 p. m.
1004;12:47:29;;1004,12 47 29 p. m.
868;12:47:29;;868,12 47 29 p. m.
78;12:47:33;;78,12 47 33 p. m.
69;12:47:37;;69,12 47 37 p. m.
51;12:47:39;;51,12 47 39 p. m.
51;12:47:41;;51,12 47 41 p. m.
343;12:47:45;;343,12 47 45 p. m.
500;12:48:01;;500,12 48 01 p. m.
618;12:48:03;;618,12 48 03 p. m.
458;12:48:11;;458,12 48 11 p. m.
350;12:48:14;;350,12 48 14 p. m.
921;12:48:24;;921,12 48 24 p. m.
22;12:48:37;;22,12 48 37 p. m.
608;12:48:50;;608,12 48 50 p. m.
187;12:48:57;;187,12 48 57 p. m.
136;12:49:01;;136,12 49 01 p. m.
566;12:49:09;;566,12 49 09 p. m.
51;12:49:10;;51,12 49 10 p. m.
367;12:49:16;;367,12 49 16 p. m.
330;12:49:16;;330,12 49 16 p. m.
432;12:49:21;;432,12 49 21 p. m.
837;12:49:28;;837,12 49 28 p. m.
401;12:49:47;;401,12 49 47 p. m.
970;12:50:02;;970,12 50 02 p. m.
816;12:50:30;;816,12 50 30 p. m.
566;12:50:30;;566,12 50 30 p. m.
401;12:50:35;;401,12 50 35 p. m.
154;12:50:41;;154,12 50 41 p. m.
932;12:50:42;;932,12 50 42 p. m.
887;12:50:44;;887,12 50 44 p. m.
77;12:50:50;;77,12 50 50 p. m.
145;12:51:02;;145,12 51 02 p. m.
87;12:51:05;;87,12 51 05 p. m.
51;12:51:05;;51,12 51 05 p. m.
534;12:51:12;;534,12 51 12 p. m.
673;12:51:18;;673,12 51 18 p. m.
998;12:51:35;;998,12 51 35 p. m.
154;12:51:54;;154,12 51 54 p. m.
51;12:51:59;;51,12 51 59 p. m.
51;12:52:13;;51,12 52 13 p. m.
136;12:52:17;;136,12 52 17 p. m.
51;12:52:21;;51,12 52 21 p. m.
965;12:52:22;;965,12 52 22 p. m.
166;12:52:24;;166,12 52 24 p. m.
51;12:52:39;;51,12 52 39 p. m.
327;12:52:42;;327,12 52 42 p. m.
673;12:53:09;;673,12 53 09 p. m.
557;12:53:14;;557,12 53 14 p. m.
722;12:53:15;;722,12 53 15 p. m.
532;12:53:45;;532,12 53 45 p. m.
51;12:53:48;;51,12 53 48 p. m.
51;12:53:51;;51,12 53 51 p. m.
47;12:53:55;;47,12 53 55 p. m.
51;12:54:06;;51,12 54 06 p. m.
613;12:54:16;;613,12 54 16 p. m.
51;12:54:25;;51,12 54 25 p. m.
571;12:55:19;;571,12 55 19 p. m.
676;12:55:25;;676,12 55 25 p. m.
51;12:55:25;;51,12 55 25 p. m.
446;12:55:39;;446,12 55 39 p. m.
498;12:55:50;;498,12 55 50 p. m.
343;12:55:58;;343,12 55 58 p. m.
416;12:56:00;;416,12 56 00 p. m.
992;12:56:02;;992,12 56 02 p. m.
541;12:56:05;;541,12 56 05 p. m.
446;12:56:07;;446,12 56 07 p. m.
51;12:56:12;;51,12 56 12 p. m.
469;12:56:18;;469,12 56 18 p. m.
926;12:56:43;;926,12 56 43 p. m.
372;12:56:57;;372,12 56 57 p. m.
613;12:57:08;;613,12 57 08 p. m.
432;12:57:09;;432,12 57 09 p. m.
401;12:57:15;;401,12 57 15 p. m.
636;12:57:19;;636,12 57 19 p. m.
51;12:57:23;;51,12 57 23 p. m.
157;12:57:38;;157,12 57 38 p. m.
51;12:57:59;;51,12 57 59 p. m.
926;12:58:00;;926,12 58 00 p. m.
159;12:58:09;;159,12 58 09 p. m.
263;12:58:20;;263,12 58 20 p. m.
970;12:58:22;;970,12 58 22 p. m.
619;12:58:41;;619,12 58 41 p. m.
79;12:59:00;;79,12 59 00 p. m.
136;12:00:10;;136,12 00 10 p. m.
372;12:00:25;;372,12 00 25 p. m.
921;12:00:41;;921,12 00 41 p. m.
154;12:00:43;;154,12 00 43 p. m.
778;12:00:47;;778,12 00 47 p. m.
739;12:00:50;;739,12 00 50 p. m.
136;12:00:57;;136,12 00 57 p. m.
618;12:01:09;;618,12 01 09 p. m.
574;12:01:32;;574,12 01 32 p. m.
711;12:02:04;;711,12 02 04 p. m.
343;12:02:09;;343,12 02 09 p. m.
452;12:02:16;;452,12 02 16 p. m.
198;12:02:20;;198,12 02 20 p. m.
900;12:02:28;;900,12 02 28 p. m.
566;12:02:32;;566,12 02 32 p. m.
136;12:02:34;;136,12 02 34 p. m.
131;12:02:47;;131,12 02 47 p. m.
343;12:02:55;;343,12 02 55 p. m.
112;12:02:57;;112,12 02 57 p. m.
574;12:03:53;;574,12 03 53 p. m.
961;12:03:59;;961,12 03 59 p. m.
41;12:04:16;;41,12 04 16 p. m.
433;12:05:03;;433,12 05 03 p. m.
115;12:05:21;;115,12 05 21 p. m.
566;12:05:25;;566,12 05 25 p. m.
343;12:05:32;;343,12 05 32 p. m.
402;12:05:33;;402,12 05 33 p. m.
407;12:05:36;;407,12 05 36 p. m.
558;12:05:37;;558,12 05 37 p. m.
136;12:05:54;;136,12 05 54 p. m.
127;12:06:00;;127,12 06 00 p. m.
356;12:06:08;;356,12 06 08 p. m.
845;12:06:33;;845,12 06 33 p. m.
469;12:06:38;;469,12 06 38 p. m.
547;12:07:29;;547,12 07 29 p. m.
10;12:07:31;;10,12 07 31 p. m.
136;12:07:47;;136,12 07 47 p. m.
628;12:08:05;;628,12 08 05 p. m.
925;12:08:06;;925,12 08 06 p. m.
673;12:08:09;;673,12 08 09 p. m.
92;12:08:25;;92,12 08 25 p. m.
940;12:08:27;;940,12 08 27 p. m.
402;12:08:39;;402,12 08 39 p. m.
85;12:08:41;;85,12 08 41 p. m.
739;12:08:51;;739,12 08 51 p. m.
152;12:08:59;;152,12 08 59 p. m.
925;12:09:06;;925,12 09 06 p. m.
462;12:09:13;;462,12 09 13 p. m.
161;12:09:36;;161,12 09 36 p. m.
921;12:09:43;;921,12 09 43 p. m.
606;12:09:51;;606,12 09 51 p. m.
665;12:09:51;;665,12 09 51 p. m.
837;12:10:26;;837,12 10 26 p. m.
566;12:10:29;;566,12 10 29 p. m.
571;12:11:03;;571,12 11 03 p. m.
734;12:11:17;;734,12 11 17 p. m.
231;12:11:29;;231,12 11 29 p. m.
892;12:11:37;;892,12 11 37 p. m.
300;12:11:38;;300,12 11 38 p. m.
431;12:11:46;;431,12 11 46 p. m.
333;12:11:52;;333,12 11 52 p. m.
136;12:11:53;;136,12 11 53 p. m.
25;12:11:55;;25,12 11 55 p. m.
679;12:11:58;;679,12 11 58 p. m.
136;12:12:02;;136,12 12 02 p. m.
547;12:12:34;;547,12 12 34 p. m.
402;12:12:40;;402,12 12 40 p. m.
231;12:12:44;;231,12 12 44 p. m.
85;12:13:27;;85,12 13 27 p. m.
747;12:13:30;;747,12 13 30 p. m.
343;12:13:49;;343,12 13 49 p. m.
966;12:13:50;;966,12 13 50 p. m.
376;12:14:00;;376,12 14 00 p. m.
868;12:14:11;;868,12 14 11 p. m.
703;12:14:11;;703,12 14 11 p. m.
343;12:14:17;;343,12 14 17 p. m.
35;12:14:25;;35,12 14 25 p. m.
32;12:14:34;;32,12 14 34 p. m.
1004;12:14:37;;1004,12 14 37 p. m.
231;12:14:38;;231,12 14 38 p. m.
891;12:14:55;;891,12 14 55 p. m.
128;12:14:57;;128,12 14 57 p. m.
136;12:15:06;;136,12 15 06 p. m.
315;12:15:07;;315,12 15 07 p. m.
303;12:15:27;;303,12 15 27 p. m.
950;12:15:38;;950,12 15 38 p. m.
925;12:15:43;;925,12 15 43 p. m.
403;12:16:01;;403,12 16 01 p. m.
343;12:16:02;;343,12 16 02 p. m.
926;12:16:04;;926,12 16 04 p. m.
961;12:16:10;;961,12 16 10 p. m.
332;12:16:21;;332,12 16 21 p. m.
343;12:16:52;;343,12 16 52 p. m.
568;12:16:54;;568,12 16 54 p. m.
21;12:16:57;;21,12 16 57 p. m.
136;12:17:08;;136,12 17 08 p. m.
452;12:17:14;;452,12 17 14 p. m.
13;12:17:22;;13,12 17 22 p. m.
231;12:17:31;;231,12 17 31 p. m.
343;12:17:33;;343,12 17 33 p. m.
129;12:18:41;;129,12 18 41 p. m.
995;12:18:53;;995,12 18 53 p. m.
653;12:18:54;;653,12 18 54 p. m.
432;12:19:10;;432,12 19 10 p. m.
566;12:19:17;;566,12 19 17 p. m.
136;12:19:17;;136,12 19 17 p. m.
356;12:19:28;;356,12 19 28 p. m.
676;12:19:51;;676,12 19 51 p. m.
1003;12:19:56;;1003,12 19 56 p. m.
136;12:20:17;;136,12 20 17 p. m.
540;12:20:22;;540,12 20 22 p. m.
739;12:20:36;;739,12 20 36 p. m.
675;12:20:43;;675,12 20 43 p. m.
35;12:20:45;;35,12 20 45 p. m.
718;12:20:50;;718,12 20 50 p. m.
136;12:20:51;;136,12 20 51 p. m.
676;12:21:05;;676,12 21 05 p. m.
550;12:21:07;;550,12 21 07 p. m.
664;12:21:22;;664,12 21 22 p. m.
343;12:21:47;;343,12 21 47 p. m.
154;12:21:56;;154,12 21 56 p. m.
235;12:22:00;;235,12 22 00 p. m.
588;12:22:03;;588,12 22 03 p. m.
550;12:22:05;;550,12 22 05 p. m.
843;12:22:34;;843,12 22 34 p. m.
151;12:22:44;;151,12 22 44 p. m.
432;12:22:46;;432,12 22 46 p. m.
606;12:22:47;;606,12 22 47 p. m.
777;12:22:51;;777,12 22 51 p. m.
573;12:22:51;;573,12 22 51 p. m.
574;12:22:54;;574,12 22 54 p. m.
628;12:23:26;;628,12 23 26 p. m.
516;12:23:37;;516,12 23 37 p. m.
849;12:23:39;;849,12 23 39 p. m.
343;12:23:41;;343,12 23 41 p. m.
950;12:23:57;;950,12 23 57 p. m.
136;12:23:58;;136,12 23 58 p. m.
516;12:24:13;;516,12 24 13 p. m.
892;12:24:28;;892,12 24 28 p. m.
41;12:24:31;;41,12 24 31 p. m.
38;12:24:33;;38,12 24 33 p. m.
850;12:24:41;;850,12 24 41 p. m.
849;12:25:00;;849,12 25 00 p. m.
900;12:25:07;;900,12 25 07 p. m.
919;12:25:08;;919,12 25 08 p. m.
161;12:25:11;;161,12 25 11 p. m.
91;12:25:14;;91,12 25 14 p. m.
127;12:25:16;;127,12 25 16 p. m.
332;12:25:30;;332,12 25 30 p. m.
675;12:25:57;;675,12 25 57 p. m.
666;12:26:04;;666,12 26 04 p. m.
853;12:26:06;;853,12 26 06 p. m.
220;12:26:12;;220,12 26 12 p. m.
303;12:26:19;;303,12 26 19 p. m.
816;12:26:27;;816,12 26 27 p. m.
643;12:26:42;;643,12 26 42 p. m.
675;12:26:43;;675,12 26 43 p. m.
891;12:26:52;;891,12 26 52 p. m.
824;12:26:53;;824,12 26 53 p. m.
558;12:26:55;;558,12 26 55 p. m.
129;12:27:01;;129,12 27 01 p. m.
136;12:27:21;;136,12 27 21 p. m.
625;12:27:29;;625,12 27 29 p. m.
185;12:27:39;;185,12 27 39 p. m.
850;12:27:45;;850,12 27 45 p. m.
605;12:27:57;;605,12 27 57 p. m.
259;12:28:00;;259,12 28 00 p. m.
92;12:28:09;;92,12 28 09 p. m.
628;12:28:16;;628,12 28 16 p. m.
633;12:28:57;;633,12 28 57 p. m.
446;12:29:00;;446,12 29 00 p. m.
213;12:29:02;;213,12 29 02 p. m.
637;12:29:02;;637,12 29 02 p. m.
941;12:29:02;;941,12 29 02 p. m.
770;12:29:05;;770,12 29 05 p. m.
573;12:29:14;;573,12 29 14 p. m.
734;12:29:26;;734,12 29 26 p. m.
294;12:29:37;;294,12 29 37 p. m.
332;12:29:47;;332,12 29 47 p. m.
467;12:29:52;;467,12 29 52 p. m.
231;12:29:53;;231,12 29 53 p. m.
343;12:29:57;;343,12 29 57 p. m.
615;12:29:59;;615,12 29 59 p. m.
794;12:30:03;;794,12 30 03 p. m.
136;12:30:13;;136,12 30 13 p. m.
625;12:30:15;;625,12 30 15 p. m.
213;12:30:34;;213,12 30 34 p. m.
637;12:30:34;;637,12 30 34 p. m.
941;12:30:34;;941,12 30 34 p. m.
36;12:30:51;;36,12 30 51 p. m.
819;12:30:51;;819,12 30 51 p. m.
213;12:31:01;;213,12 31 01 p. m.
637;12:31:01;;637,12 31 01 p. m.
941;12:31:01;;941,12 31 01 p. m.
699;12:31:07;;699,12 31 07 p. m.
739;12:31:15;;739,12 31 15 p. m.
467;12:31:18;;467,12 31 18 p. m.
85;12:31:30;;85,12 31 30 p. m.
462;12:31:48;;462,12 31 48 p. m.
259;12:32:16;;259,12 32 16 p. m.
566;12:32:21;;566,12 32 21 p. m.
252;12:32:35;;252,12 32 35 p. m.
220;12:32:39;;220,12 32 39 p. m.
343;12:33:01;;343,12 33 01 p. m.
518;12:33:14;;518,12 33 14 p. m.
819;12:33:19;;819,12 33 19 p. m.
340;12:33:21;;340,12 33 21 p. m.
769;12:33:28;;769,12 33 28 p. m.
159;12:33:36;;159,12 33 36 p. m.
107;12:33:46;;107,12 33 46 p. m.
845;12:33:58;;845,12 33 58 p. m.
407;12:34:03;;407,12 34 03 p. m.
455;12:34:22;;455,12 34 22 p. m.
874;12:34:40;;874,12 34 40 p. m.
706;12:34:41;;706,12 34 41 p. m.
606;12:34:57;;606,12 34 57 p. m.
58;12:34:58;;58,12 34 58 p. m.
849;12:34:59;;849,12 34 59 p. m.
51;12:35:00;;51,12 35 00 p. m.
252;12:35:05;;252,12 35 05 p. m.
127;12:35:06;;127,12 35 06 p. m.
897;12:35:06;;897,12 35 06 p. m.
747;12:35:08;;747,12 35 08 p. m.
291;12:35:10;;291,12 35 10 p. m.
287;12:35:16;;287,12 35 16 p. m.
664;12:35:16;;664,12 35 16 p. m.
51;12:35:55;;51,12 35 55 p. m.
51;12:35:56;;51,12 35 56 p. m.
173;12:35:59;;173,12 35 59 p. m.
259;12:36:21;;259,12 36 21 p. m.
343;12:36:29;;343,12 36 29 p. m.
444;12:36:36;;444,12 36 36 p. m.
566;12:36:38;;566,12 36 38 p. m.
446;12:36:39;;446,12 36 39 p. m.
571;12:36:43;;571,12 36 43 p. m.
547;12:36:44;;547,12 36 44 p. m.
896;12:36:47;;896,12 36 47 p. m.
432;12:36:54;;432,12 36 54 p. m.
136;12:36:59;;136,12 36 59 p. m.
51;12:37:00;;51,12 37 00 p. m.
610;12:37:03;;610,12 37 03 p. m.
51;12:37:04;;51,12 37 04 p. m.
213;12:37:05;;213,12 37 05 p. m.
637;12:37:05;;637,12 37 05 p. m.
941;12:37:05;;941,12 37 05 p. m.
411;12:37:12;;411,12 37 12 p. m.
850;12:37:18;;850,12 37 18 p. m.
51;12:37:21;;51,12 37 21 p. m.
90;12:37:26;;90,12 37 26 p. m.
343;12:37:28;;343,12 37 28 p. m.
51;12:37:43;;51,12 37 43 p. m.
259;12:37:48;;259,12 37 48 p. m.
908;12:37:57;;908,12 37 57 p. m.
136;12:38:03;;136,12 38 03 p. m.
231;12:38:14;;231,12 38 14 p. m.
51;12:38:19;;51,12 38 19 p. m.
17;12:38:22;;17,12 38 22 p. m.
350;12:38:32;;350,12 38 32 p. m.
343;12:38:36;;343,12 38 36 p. m.
136;12:38:40;;136,12 38 40 p. m.
136;12:38:55;;136,12 38 55 p. m.
467;12:38:56;;467,12 38 56 p. m.
36;12:38:58;;36,12 38 58 p. m.
51;12:39:00;;51,12 39 00 p. m.
51;12:39:39;;51,12 39 39 p. m.
31;12:39:47;;31,12 39 47 p. m.
291;12:39:48;;291,12 39 48 p. m.
639;12:39:53;;639,12 39 53 p. m.
343;12:40:17;;343,12 40 17 p. m.
92;12:40:30;;92,12 40 30 p. m.
816;12:40:32;;816,12 40 32 p. m.
115;12:40:42;;115,12 40 42 p. m.
615;12:41:06;;615,12 41 06 p. m.
51;12:41:28;;51,12 41 28 p. m.
843;12:41:45;;843,12 41 45 p. m.
51;12:41:45;;51,12 41 45 p. m.
173;12:41:53;;173,12 41 53 p. m.
198;12:42:02;;198,12 42 02 p. m.
59;12:42:37;;59,12 42 37 p. m.
401;12:42:39;;401,12 42 39 p. m.
51;12:42:39;;51,12 42 39 p. m.
17;12:42:43;;17,12 42 43 p. m.
891;12:42:54;;891,12 42 54 p. m.
664;12:43:13;;664,12 43 13 p. m.
588;12:43:15;;588,12 43 15 p. m.
343;12:43:15;;343,12 43 15 p. m.
386;12:43:18;;386,12 43 18 p. m.
900;12:43:23;;900,12 43 23 p. m.
90;12:43:40;;90,12 43 40 p. m.
845;12:43:41;;845,12 43 41 p. m.
136;12:43:42;;136,12 43 42 p. m.
51;12:43:48;;51,12 43 48 p. m.
516;12:43:50;;516,12 43 50 p. m.
235;12:43:52;;235,12 43 52 p. m.
843;12:43:53;;843,12 43 53 p. m.
868;12:43:56;;868,12 43 56 p. m.
343;12:44:07;;343,12 44 07 p. m.
703;12:44:15;;703,12 44 15 p. m.
235;12:44:24;;235,12 44 24 p. m.
32;12:44:29;;32,12 44 29 p. m.
291;12:44:30;;291,12 44 30 p. m.
235;12:44:34;;235,12 44 34 p. m.
402;12:44:56;;402,12 44 56 p. m.
13;12:45:00;;13,12 45 00 p. m.
343;12:45:13;;343,12 45 13 p. m.
161;12:45:16;;161,12 45 16 p. m.
51;12:45:23;;51,12 45 23 p. m.
303;12:45:39;;303,12 45 39 p. m.
177;12:45:44;;177,12 45 44 p. m.
247;12:45:46;;247,12 45 46 p. m.
345;12:45:47;;345,12 45 47 p. m.
550;12:45:52;;550,12 45 52 p. m.
51;12:45:55;;51,12 45 55 p. m.
343;12:45:59;;343,12 45 59 p. m.
51;12:46:04;;51,12 46 04 p. m.
247;12:46:15;;247,12 46 15 p. m.
868;12:46:15;;868,12 46 15 p. m.
892;12:46:25;;892,12 46 25 p. m.
327;12:46:28;;327,12 46 28 p. m.
982;12:46:33;;982,12 46 33 p. m.
769;12:46:40;;769,12 46 40 p. m.
615;12:47:00;;615,12 47 00 p. m.
411;12:47:16;;411,12 47 16 p. m.
51;12:47:39;;51,12 47 39 p. m.
393;12:47:45;;393,12 47 45 p. m.
432;12:47:49;;432,12 47 49 p. m.
966;12:48:23;;966,12 48 23 p. m.
152;12:48:30;;152,12 48 30 p. m.
51;12:48:35;;51,12 48 35 p. m.
51;12:48:35;;51,12 48 35 p. m.
926;12:48:37;;926,12 48 37 p. m.
51;12:48:41;;51,12 48 41 p. m.
51;12:49:01;;51,12 49 01 p. m.
21;12:49:02;;21,12 49 02 p. m.
51;12:49:13;;51,12 49 13 p. m.
51;12:49:19;;51,12 49 19 p. m.
199;12:49:23;;199,12 49 23 p. m.
36;12:49:24;;36,12 49 24 p. m.
393;12:49:26;;393,12 49 26 p. m.
739;12:49:31;;739,12 49 31 p. m.
90;12:49:32;;90,12 49 32 p. m.
51;12:49:40;;51,12 49 40 p. m.
161;12:49:41;;161,12 49 41 p. m.
837;12:49:47;;837,12 49 47 p. m.
948;12:49:50;;948,12 49 50 p. m.
159;12:50:03;;159,12 50 03 p. m.
366;12:50:12;;366,12 50 12 p. m.
355;12:50:15;;355,12 50 15 p. m.
734;12:50:30;;734,12 50 30 p. m.
466;12:50:37;;466,12 50 37 p. m.
769;12:50:37;;769,12 50 37 p. m.
51;12:50:39;;51,12 50 39 p. m.
338;12:50:42;;338,12 50 42 p. m.
51;12:50:47;;51,12 50 47 p. m.
51;12:50:49;;51,12 50 49 p. m.
51;12:51:17;;51,12 51 17 p. m.
231;12:51:21;;231,12 51 21 p. m.
51;12:51:23;;51,12 51 23 p. m.
51;12:51:32;;51,12 51 32 p. m.
115;12:51:36;;115,12 51 36 p. m.
51;12:51:40;;51,12 51 40 p. m.
136;12:51:41;;136,12 51 41 p. m.
246;12:51:46;;246,12 51 46 p. m.
85;12:52:09;;85,12 52 09 p. m.
287;12:52:13;;287,12 52 13 p. m.
303;12:52:26;;303,12 52 26 p. m.
897;12:52:33;;897,12 52 33 p. m.
919;12:52:51;;919,12 52 51 p. m.
92;12:52:56;;92,12 52 56 p. m.
51;12:52:58;;51,12 52 58 p. m.
51;12:53:10;;51,12 53 10 p. m.
92;12:53:34;;92,12 53 34 p. m.
739;12:53:45;;739,12 53 45 p. m.
739;12:53:45;;739,12 53 45 p. m.
343;12:53:48;;343,12 53 48 p. m.
51;12:53:52;;51,12 53 52 p. m.
51;12:53:58;;51,12 53 58 p. m.
338;12:54:05;;338,12 54 05 p. m.
92;12:54:08;;92,12 54 08 p. m.
693;12:54:12;;693,12 54 12 p. m.
393;12:54:15;;393,12 54 15 p. m.
345;12:54:17;;345,12 54 17 p. m.
83;12:54:25;;83,12 54 25 p. m.
1011;12:54:25;;1011,12 54 25 p. m.
685;12:54:50;;685,12 54 50 p. m.
58;12:54:51;;58,12 54 51 p. m.
51;12:54:53;;51,12 54 53 p. m.
283;12:55:16;;283,12 55 16 p. m.
51;12:55:42;;51,12 55 42 p. m.
51;12:55:45;;51,12 55 45 p. m.
338;12:55:49;;338,12 55 49 p. m.
703;12:56:07;;703,12 56 07 p. m.
977;12:56:14;;977,12 56 14 p. m.
469;12:56:18;;469,12 56 18 p. m.
112;12:56:26;;112,12 56 26 p. m.
252;12:56:36;;252,12 56 36 p. m.
847;12:56:38;;847,12 56 38 p. m.
51;12:56:40;;51,12 56 40 p. m.
51;12:56:42;;51,12 56 42 p. m.
23;12:56:48;;23,12 56 48 p. m.
199;12:56:49;;199,12 56 49 p. m.
259;12:57:14;;259,12 57 14 p. m.
837;12:57:17;;837,12 57 17 p. m.
51;12:57:26;;51,12 57 26 p. m.
555;12:57:27;;555,12 57 27 p. m.
51;12:57:43;;51,12 57 43 p. m.
220;12:57:48;;220,12 57 48 p. m.
32;12:57:55;;32,12 57 55 p. m.
31;12:58:04;;31,12 58 04 p. m.
466;12:58:13;;466,12 58 13 p. m.
59;12:58:13;;59,12 58 13 p. m.
252;12:58:20;;252,12 58 20 p. m.
847;12:58:23;;847,12 58 23 p. m.
51;12:58:40;;51,12 58 40 p. m.
185;12:58:47;;185,12 58 47 p. m.
958;12:58:48;;958,12 58 48 p. m.
794;12:58:49;;794,12 58 49 p. m.
51;12:58:49;;51,12 58 49 p. m.
676;12:58:52;;676,12 58 52 p. m.
900;12:58:53;;900,12 58 53 p. m.
154;12:58:57;;154,12 58 57 p. m.
977;12:59:00;;977,12 59 00 p. m.
