703;08:00:02;;703,08 00 02 p. m.
77;08:00:04;;77,08 00 04 p. m.
861;08:00:20;;861,08 00 20 p. m.
68;08:00:30;;68,08 00 30 p. m.
416;08:00:34;;416,08 00 34 p. m.
60;08:00:35;;60,08 00 35 p. m.
766;08:00:56;;766,08 00 56 p. m.
218;08:01:33;;218,08 01 33 p. m.
767;08:01:51;;767,08 01 51 p. m.
725;08:01:55;;725,08 01 55 p. m.
372;08:01:58;;372,08 01 58 p. m.
785;08:02:10;;785,08 02 10 p. m.
861;08:02:31;;861,08 02 31 p. m.
684;08:02:51;;684,08 02 51 p. m.
407;08:02:52;;407,08 02 52 p. m.
562;08:02:53;;562,08 02 53 p. m.
694;08:03:00;;694,08 03 00 p. m.
562;08:03:00;;562,08 03 00 p. m.
136;08:03:13;;136,08 03 13 p. m.
550;08:03:26;;550,08 03 26 p. m.
285;08:03:36;;285,08 03 36 p. m.
566;08:03:42;;566,08 03 42 p. m.
808;08:03:46;;808,08 03 46 p. m.
315;08:03:52;;315,08 03 52 p. m.
8;08:04:10;;8,08 04 10 p. m.
230;08:04:08;;230,08 04 08 p. m.
443;08:04:14;;443,08 04 14 p. m.
837;08:04:17;;837,08 04 17 p. m.
79;08:04:28;;79,08 04 28 p. m.
436;08:04:44;;436,08 04 44 p. m.
269;08:04:50;;269,08 04 50 p. m.
970;08:05:03;;970,08 05 03 p. m.
579;08:05:35;;579,08 05 35 p. m.
136;08:05:35;;136,08 05 35 p. m.
507;08:05:36;;507,08 05 36 p. m.
327;08:05:36;;327,08 05 36 p. m.
76;08:05:48;;76,08 05 48 p. m.
31;08:05:48;;31,08 05 48 p. m.
547;08:05:50;;547,08 05 50 p. m.
136;08:05:54;;136,08 05 54 p. m.
19;08:05:57;;19,08 05 57 p. m.
566;08:06:06;;566,08 06 06 p. m.
601;08:06:08;;601,08 06 08 p. m.
343;08:06:21;;343,08 06 21 p. m.
516;08:06:22;;516,08 06 22 p. m.
739;08:06:26;;739,08 06 26 p. m.
154;08:06:28;;154,08 06 28 p. m.
480;08:06:31;;480,08 06 31 p. m.
59;08:06:34;;59,08 06 34 p. m.
469;08:06:38;;469,08 06 38 p. m.
338;08:06:40;;338,08 06 40 p. m.
343;08:06:58;;343,08 06 58 p. m.
136;08:07:16;;136,08 07 16 p. m.
760;08:07:29;;760,08 07 29 p. m.
970;08:07:40;;970,08 07 40 p. m.
481;08:07:40;;481,08 07 40 p. m.
795;08:07:57;;795,08 07 57 p. m.
70;08:07:58;;70,08 07 58 p. m.
795;08:08:14;;795,08 08 14 p. m.
808;08:08:14;;808,08 08 14 p. m.
537;08:08:15;;537,08 08 15 p. m.
285;08:08:22;;285,08 08 22 p. m.
566;08:08:31;;566,08 08 31 p. m.
136;08:08:34;;136,08 08 34 p. m.
632;08:08:43;;632,08 08 43 p. m.
136;08:09:04;;136,08 09 04 p. m.
722;08:09:07;;722,08 09 07 p. m.
950;08:09:09;;950,08 09 09 p. m.
78;08:09:11;;78,08 09 11 p. m.
900;08:09:20;;900,08 09 20 p. m.
537;08:09:24;;537,08 09 24 p. m.
855;08:09:30;;855,08 09 30 p. m.
633;08:09:40;;633,08 09 40 p. m.
329;08:09:46;;329,08 09 46 p. m.
78;08:09:57;;78,08 09 57 p. m.
531;08:10:25;;531,08 10 25 p. m.
997;08:10:29;;997,08 10 29 p. m.
837;08:10:33;;837,08 10 33 p. m.
136;08:10:54;;136,08 10 54 p. m.
76;08:10:58;;76,08 10 58 p. m.
173;08:11:05;;173,08 11 05 p. m.
227;08:11:10;;227,08 11 10 p. m.
136;08:11:11;;136,08 11 11 p. m.
542;08:11:33;;542,08 11 33 p. m.
401;08:11:42;;401,08 11 42 p. m.
431;08:11:46;;431,08 11 46 p. m.
613;08:11:58;;613,08 11 58 p. m.
227;08:08:06;;227,08 08 06 p. m.
837;08:08:11;;837,08 08 11 p. m.
673;08:08:08;;673,08 08 08 p. m.
70;08:08:27;;70,08 08 27 p. m.
250;08:08:31;;250,08 08 31 p. m.
166;08:08:38;;166,08 08 38 p. m.
722;08:08:42;;722,08 08 42 p. m.
835;08:08:51;;835,08 08 51 p. m.
970;08:13:07;;970,08 13 07 p. m.
618;08:13:10;;618,08 13 10 p. m.
367;08:13:11;;367,08 13 11 p. m.
739;08:13:19;;739,08 13 19 p. m.
734;08:13:27;;734,08 13 27 p. m.
684;08:13:59;;684,08 13 59 p. m.
432;08:14:04;;432,08 14 04 p. m.
613;08:14:05;;613,08 14 05 p. m.
548;08:14:08;;548,08 14 08 p. m.
303;08:14:25;;303,08 14 25 p. m.
970;08:14:39;;970,08 14 39 p. m.
241;08:14:50;;241,08 14 50 p. m.
10;08:14:52;;10,08 14 52 p. m.
343;08:15:01;;343,08 15 01 p. m.
62;08:15:45;;62,08 15 45 p. m.
115;08:15:45;;115,08 15 45 p. m.
579;08:15:46;;579,08 15 46 p. m.
550;08:15:50;;550,08 15 50 p. m.
59;08:15:51;;59,08 15 51 p. m.
343;08:15:55;;343,08 15 55 p. m.
76;08:16:09;;76,08 16 09 p. m.
970;08:16:10;;970,08 16 10 p. m.
340;08:16:24;;340,08 16 24 p. m.
739;08:16:33;;739,08 16 33 p. m.
644;08:16:42;;644,08 16 42 p. m.
333;08:16:45;;333,08 16 45 p. m.
372;08:16:54;;372,08 16 54 p. m.
136;08:16:56;;136,08 16 56 p. m.
32;08:17:03;;32,08 17 03 p. m.
136;08:17:33;;136,08 17 33 p. m.
770;08:17:34;;770,08 17 34 p. m.
85;08:17:47;;85,08 17 47 p. m.
68;08:17:48;;68,08 17 48 p. m.
970;08:18:05;;970,08 18 05 p. m.
338;08:18:09;;338,08 18 09 p. m.
665;08:18:10;;665,08 18 10 p. m.
35;08:18:25;;35,08 18 25 p. m.
507;08:18:26;;507,08 18 26 p. m.
835;08:18:27;;835,08 18 27 p. m.
859;08:18:27;;859,08 18 27 p. m.
433;08:18:31;;433,08 18 31 p. m.
411;08:18:35;;411,08 18 35 p. m.
837;08:19:09;;837,08 19 09 p. m.
725;08:19:20;;725,08 19 20 p. m.
343;08:19:24;;343,08 19 24 p. m.
457;08:19:26;;457,08 19 26 p. m.
566;08:19:31;;566,08 19 31 p. m.
154;08:19:34;;154,08 19 34 p. m.
327;08:19:51;;327,08 19 51 p. m.
684;08:20:09;;684,08 20 09 p. m.
808;08:20:13;;808,08 20 13 p. m.
136;08:20:16;;136,08 20 16 p. m.
227;08:20:19;;227,08 20 19 p. m.
722;08:20:24;;722,08 20 24 p. m.
166;08:20:40;;166,08 20 40 p. m.
970;08:20:45;;970,08 20 45 p. m.
725;08:20:45;;725,08 20 45 p. m.
411;08:20:47;;411,08 20 47 p. m.
970;08:20:49;;970,08 20 49 p. m.
970;08:21:00;;970,08 21 00 p. m.
70;08:21:11;;70,08 21 11 p. m.
333;08:21:14;;333,08 21 14 p. m.
998;08:21:30;;998,08 21 30 p. m.
32;08:21:30;;32,08 21 30 p. m.
490;08:21:33;;490,08 21 33 p. m.
632;08:21:34;;632,08 21 34 p. m.
507;08:21:37;;507,08 21 37 p. m.
329;08:21:40;;329,08 21 40 p. m.
154;08:21:49;;154,08 21 49 p. m.
25;08:21:54;;25,08 21 54 p. m.
401;08:21:54;;401,08 21 54 p. m.
136;08:22:18;;136,08 22 18 p. m.
568;08:22:19;;568,08 22 19 p. m.
22;08:22:23;;22,08 22 23 p. m.
407;08:22:30;;407,08 22 30 p. m.
355;08:22:32;;355,08 22 32 p. m.
68;08:22:38;;68,08 22 38 p. m.
343;08:22:38;;343,08 22 38 p. m.
33;08:22:41;;33,08 22 41 p. m.
1000;08:22:47;;1000,08 22 47 p. m.
436;08:22:49;;436,08 22 49 p. m.
507;08:23:00;;507,08 23 00 p. m.
19;08:23:00;;19,08 23 00 p. m.
997;08:23:30;;997,08 23 30 p. m.
157;08:23:31;;157,08 23 31 p. m.
92;08:23:45;;92,08 23 45 p. m.
108;08:23:52;;108,08 23 52 p. m.
154;08:24:04;;154,08 24 04 p. m.
136;08:24:13;;136,08 24 13 p. m.
343;08:24:41;;343,08 24 41 p. m.
432;08:24:47;;432,08 24 47 p. m.
62;08:24:48;;62,08 24 48 p. m.
372;08:24:55;;372,08 24 55 p. m.
343;08:25:04;;343,08 25 04 p. m.
340;08:25:10;;340,08 25 10 p. m.
632;08:25:11;;632,08 25 11 p. m.
998;08:25:13;;998,08 25 13 p. m.
416;08:25:16;;416,08 25 16 p. m.
664;08:25:22;;664,08 25 22 p. m.
847;08:25:24;;847,08 25 24 p. m.
403;08:25:33;;403,08 25 33 p. m.
664;08:26:05;;664,08 26 05 p. m.
70;08:26:07;;70,08 26 07 p. m.
868;08:26:23;;868,08 26 23 p. m.
329;08:26:23;;329,08 26 23 p. m.
832;08:26:30;;832,08 26 30 p. m.
250;08:26:40;;250,08 26 40 p. m.
411;08:27:00;;411,08 27 00 p. m.
343;08:27:23;;343,08 27 23 p. m.
965;08:27:30;;965,08 27 30 p. m.
557;08:27:51;;557,08 27 51 p. m.
997;08:27:52;;997,08 27 52 p. m.
70;08:27:52;;70,08 27 52 p. m.
218;08:27:57;;218,08 27 57 p. m.
338;08:28:09;;338,08 28 09 p. m.
808;08:28:23;;808,08 28 23 p. m.
655;08:28:26;;655,08 28 26 p. m.
27;08:28:29;;27,08 28 29 p. m.
540;08:28:29;;540,08 28 29 p. m.
915;08:28:37;;915,08 28 37 p. m.
41;08:28:42;;41,08 28 42 p. m.
343;08:29:07;;343,08 29 07 p. m.
965;08:29:20;;965,08 29 20 p. m.
547;08:29:24;;547,08 29 24 p. m.
673;08:29:45;;673,08 29 45 p. m.
230;08:29:58;;230,08 29 58 p. m.
613;08:29:58;;613,08 29 58 p. m.
409;08:30:19;;409,08 30 19 p. m.
345;08:30:19;;345,08 30 19 p. m.
566;08:30:22;;566,08 30 22 p. m.
363;08:30:24;;363,08 30 24 p. m.
739;08:30:31;;739,08 30 31 p. m.
808;08:30:32;;808,08 30 32 p. m.
343;08:31:03;;343,08 31 03 p. m.
343;08:31:20;;343,08 31 20 p. m.
263;08:31:22;;263,08 31 22 p. m.
967;08:31:24;;967,08 31 24 p. m.
997;08:31:26;;997,08 31 26 p. m.
329;08:31:28;;329,08 31 28 p. m.
136;08:31:29;;136,08 31 29 p. m.
655;08:31:38;;655,08 31 38 p. m.
917;08:31:47;;917,08 31 47 p. m.
664;08:31:53;;664,08 31 53 p. m.
793;08:31:57;;793,08 31 57 p. m.
644;08:32:32;;644,08 32 32 p. m.
416;08:32:32;;416,08 32 32 p. m.
269;08:32:33;;269,08 32 33 p. m.
105;08:32:34;;105,08 32 34 p. m.
579;08:32:59;;579,08 32 59 p. m.
664;08:33:07;;664,08 33 07 p. m.
664;08:33:10;;664,08 33 10 p. m.
38;08:33:11;;38,08 33 11 p. m.
436;08:33:38;;436,08 33 38 p. m.
703;08:33:42;;703,08 33 42 p. m.
241;08:33:44;;241,08 33 44 p. m.
21;08:33:51;;21,08 33 51 p. m.
664;08:34:07;;664,08 34 07 p. m.
760;08:34:16;;760,08 34 16 p. m.
481;08:34:18;;481,08 34 18 p. m.
47;08:34:25;;47,08 34 25 p. m.
136;08:34:46;;136,08 34 46 p. m.
965;08:34:49;;965,08 34 49 p. m.
218;08:34:56;;218,08 34 56 p. m.
70;08:34:56;;70,08 34 56 p. m.
566;08:35:05;;566,08 35 05 p. m.
51;08:35:05;;51,08 35 05 p. m.
208;08:35:21;;208,08 35 21 p. m.
837;08:35:31;;837,08 35 31 p. m.
970;08:35:46;;970,08 35 46 p. m.
870;08:35:57;;870,08 35 57 p. m.
868;08:36:00;;868,08 36 00 p. m.
230;08:36:18;;230,08 36 18 p. m.
808;08:36:18;;808,08 36 18 p. m.
970;08:36:43;;970,08 36 43 p. m.
725;08:36:58;;725,08 36 58 p. m.
154;08:37:09;;154,08 37 09 p. m.
367;08:37:31;;367,08 37 31 p. m.
136;08:37:32;;136,08 37 32 p. m.
157;08:37:34;;157,08 37 34 p. m.
498;08:37:36;;498,08 37 36 p. m.
136;08:37:41;;136,08 37 41 p. m.
343;08:37:43;;343,08 37 43 p. m.
51;08:37:49;;51,08 37 49 p. m.
739;08:38:01;;739,08 38 01 p. m.
436;08:38:04;;436,08 38 04 p. m.
51;08:38:05;;51,08 38 05 p. m.
808;08:38:09;;808,08 38 09 p. m.
345;08:38:08;;345,08 38 08 p. m.
767;08:38:17;;767,08 38 17 p. m.
51;08:38:20;;51,08 38 20 p. m.
636;08:38:25;;636,08 38 25 p. m.
518;08:38:46;;518,08 38 46 p. m.
343;08:38:50;;343,08 38 50 p. m.
301;08:38:53;;301,08 38 53 p. m.
884;08:38:56;;884,08 38 56 p. m.
345;08:39:01;;345,08 39 01 p. m.
51;08:39:09;;51,08 39 09 p. m.
172;08:39:10;;172,08 39 10 p. m.
76;08:39:11;;76,08 39 11 p. m.
636;08:39:08;;636,08 39 08 p. m.
808;08:39:16;;808,08 39 16 p. m.
51;08:39:35;;51,08 39 35 p. m.
51;08:39:40;;51,08 39 40 p. m.
51;08:39:48;;51,08 39 48 p. m.
957;08:39:50;;957,08 39 50 p. m.
542;08:39:54;;542,08 39 54 p. m.
832;08:39:56;;832,08 39 56 p. m.
136;08:40:09;;136,08 40 09 p. m.
136;08:40:15;;136,08 40 15 p. m.
92;08:40:17;;92,08 40 17 p. m.
69;08:40:27;;69,08 40 27 p. m.
51;08:40:30;;51,08 40 30 p. m.
850;08:40:40;;850,08 40 40 p. m.
136;08:40:40;;136,08 40 40 p. m.
51;08:40:42;;51,08 40 42 p. m.
136;08:40:46;;136,08 40 46 p. m.
739;08:40:58;;739,08 40 58 p. m.
230;08:41:11;;230,08 41 11 p. m.
767;08:41:33;;767,08 41 33 p. m.
285;08:41:34;;285,08 41 34 p. m.
722;08:41:42;;722,08 41 42 p. m.
432;08:41:43;;432,08 41 43 p. m.
51;08:42:06;;51,08 42 06 p. m.
547;08:42:10;;547,08 42 10 p. m.
343;08:42:33;;343,08 42 33 p. m.
414;08:42:36;;414,08 42 36 p. m.
085;08:42:41;;085,08 42 41 p. m.
998;08:42:41;;998,08 42 41 p. m.
27;08:42:48;;27,08 42 48 p. m.
241;08:43:00;;241,08 43 00 p. m.
613;08:43:08;;613,08 43 08 p. m.
230;08:43:11;;230,08 43 11 p. m.
136;08:43:14;;136,08 43 14 p. m.
407;08:43:19;;407,08 43 19 p. m.
136;08:43:22;;136,08 43 22 p. m.
970;08:43:25;;970,08 43 25 p. m.
566;08:43:25;;566,08 43 25 p. m.
671;08:43:26;;671,08 43 26 p. m.
208;08:43:27;;208,08 43 27 p. m.
345;08:43:33;;345,08 43 33 p. m.
850;08:43:36;;850,08 43 36 p. m.
51;08:43:39;;51,08 43 39 p. m.
520;08:43:45;;520,08 43 45 p. m.
264;08:44:11;;264,08 44 11 p. m.
436;08:44:13;;436,08 44 13 p. m.
401;08:44:39;;401,08 44 39 p. m.
92;08:44:53;;92,08 44 53 p. m.
664;08:44:53;;664,08 44 53 p. m.
51;08:44:54;;51,08 44 54 p. m.
613;08:45:15;;613,08 45 15 p. m.
599;08:45:36;;599,08 45 36 p. m.
367;08:45:40;;367,08 45 40 p. m.
433;08:45:49;;433,08 45 49 p. m.
547;08:46:02;;547,08 46 02 p. m.
633;08:46:04;;633,08 46 04 p. m.
643;08:46:06;;643,08 46 06 p. m.
79;08:46:08;;79,08 46 08 p. m.
263;08:46:09;;263,08 46 09 p. m.
613;08:46:17;;613,08 46 17 p. m.
613;08:46:24;;613,08 46 24 p. m.
671;08:46:25;;671,08 46 25 p. m.
965;08:46:28;;965,08 46 28 p. m.
655;08:46:28;;655,08 46 28 p. m.
760;08:46:31;;760,08 46 31 p. m.
77;08:46:40;;77,08 46 40 p. m.
51;08:46:42;;51,08 46 42 p. m.
136;08:47:01;;136,08 47 01 p. m.
500;08:47:04;;500,08 47 04 p. m.
643;08:47:05;;643,08 47 05 p. m.
343;08:47:07;;343,08 47 07 p. m.
725;08:47:09;;725,08 47 09 p. m.
77;08:47:14;;77,08 47 14 p. m.
51;08:47:33;;51,08 47 33 p. m.
982;08:47:39;;982,08 47 39 p. m.
185;08:47:41;;185,08 47 41 p. m.
1000;08:47:47;;1000,08 47 47 p. m.
241;08:47:48;;241,08 47 48 p. m.
338;08:47:57;;338,08 47 57 p. m.
372;08:47:58;;372,08 47 58 p. m.
51;08:48:00;;51,08 48 00 p. m.
664;08:48:01;;664,08 48 01 p. m.
51;08:48:19;;51,08 48 19 p. m.
970;08:48:34;;970,08 48 34 p. m.
645;08:48:53;;645,08 48 53 p. m.
17;08:49:01;;17,08 49 01 p. m.
767;08:49:09;;767,08 49 09 p. m.
795;08:49:14;;795,08 49 14 p. m.
363;08:49:16;;363,08 49 16 p. m.
51;08:49:23;;51,08 49 23 p. m.
436;08:49:29;;436,08 49 29 p. m.
965;08:49:37;;965,08 49 37 p. m.
303;08:49:40;;303,08 49 40 p. m.
786;08:49:50;;786,08 49 50 p. m.
684;08:50:11;;684,08 50 11 p. m.
79;08:50:13;;79,08 50 13 p. m.
993;08:50:30;;993,08 50 30 p. m.
51;08:50:38;;51,08 50 38 p. m.
773;08:50:43;;773,08 50 43 p. m.
598;08:50:45;;598,08 50 45 p. m.
31;08:50:55;;31,08 50 55 p. m.
416;08:51:01;;416,08 51 01 p. m.
900;08:51:05;;900,08 51 05 p. m.
257;08:51:21;;257,08 51 21 p. m.
21;08:51:23;;21,08 51 23 p. m.
793;08:51:28;;793,08 51 28 p. m.
32;08:51:37;;32,08 51 37 p. m.
69;08:51:46;;69,08 51 46 p. m.
757;08:51:48;;757,08 51 48 p. m.
085;08:51:59;;085,08 51 59 p. m.
51;08:52:02;;51,08 52 02 p. m.
757;08:52:16;;757,08 52 16 p. m.
921;08:52:29;;921,08 52 29 p. m.
208;08:52:33;;208,08 52 33 p. m.
343;08:52:37;;343,08 52 37 p. m.
884;08:52:40;;884,08 52 40 p. m.
76;08:53:04;;76,08 53 04 p. m.
77;08:53:04;;77,08 53 04 p. m.
739;08:53:08;;739,08 53 08 p. m.
639;08:53:33;;639,08 53 33 p. m.
643;08:53:40;;643,08 53 40 p. m.
407;08:53:43;;407,08 53 43 p. m.
432;08:54:07;;432,08 54 07 p. m.
900;08:54:31;;900,08 54 31 p. m.
230;08:54:38;;230,08 54 38 p. m.
1010;08:54:40;;1010,08 54 40 p. m.
970;08:54:41;;970,08 54 41 p. m.
51;08:54:42;;51,08 54 42 p. m.
154;08:55:01;;154,08 55 01 p. m.
219;08:55:04;;219,08 55 04 p. m.
644;08:55:31;;644,08 55 31 p. m.
432;08:55:38;;432,08 55 38 p. m.
343;08:55:43;;343,08 55 43 p. m.
970;08:55:49;;970,08 55 49 p. m.
51;08:55:50;;51,08 55 50 p. m.
613;08:55:54;;613,08 55 54 p. m.
343;08:55:56;;343,08 55 56 p. m.
594;08:55:58;;594,08 55 58 p. m.
51;08:56:08;;51,08 56 08 p. m.
327;08:56:18;;327,08 56 18 p. m.
469;08:56:18;;469,08 56 18 p. m.
767;08:56:28;;767,08 56 28 p. m.
25;08:56:34;;25,08 56 34 p. m.
152;08:56:37;;152,08 56 37 p. m.
70;08:56:44;;70,08 56 44 p. m.
859;08:56:48;;859,08 56 48 p. m.
343;08:57:01;;343,08 57 01 p. m.
69;08:57:40;;69,08 57 40 p. m.
859;08:57:41;;859,08 57 41 p. m.
722;08:57:57;;722,08 57 57 p. m.
333;08:58:02;;333,08 58 02 p. m.
51;08:58:05;;51,08 58 05 p. m.
855;08:58:08;;855,08 58 08 p. m.
868;08:58:28;;868,08 58 28 p. m.
38;08:58:44;;38,08 58 44 p. m.
315;08:58:55;;315,08 58 55 p. m.
547;08:58:58;;547,08 58 58 p. m.
432;08:00:15;;432,08 00 15 p. m.
633;08:00:16;;633,08 00 16 p. m.
136;08:00:19;;136,08 00 19 p. m.
244;08:00:29;;244,08 00 29 p. m.
136;08:00:41;;136,08 00 41 p. m.
715;08:00:42;;715,08 00 42 p. m.
343;08:01:01;;343,08 01 01 p. m.
824;08:01:05;;824,08 01 05 p. m.
1004;08:01:23;;1004,08 01 23 p. m.
811;08:01:31;;811,08 01 31 p. m.
998;08:01:39;;998,08 01 39 p. m.
255;08:01:49;;255,08 01 49 p. m.
891;08:01:57;;891,08 01 57 p. m.
491;08:02:08;;491,08 02 08 p. m.
568;08:02:21;;568,08 02 21 p. m.
578;08:02:30;;578,08 02 30 p. m.
267;08:02:40;;267,08 02 40 p. m.
966;08:02:48;;966,08 02 48 p. m.
568;08:02:57;;568,08 02 57 p. m.
471;08:02:57;;471,08 02 57 p. m.
886;08:03:02;;886,08 03 02 p. m.
97;08:03:04;;97,08 03 04 p. m.
588;08:03:18;;588,08 03 18 p. m.
467;08:03:42;;467,08 03 42 p. m.
108;08:03:46;;108,08 03 46 p. m.
718;08:04:04;;718,08 04 04 p. m.
618;08:04:08;;618,08 04 08 p. m.
10;08:04:34;;10,08 04 34 p. m.
108;08:04:47;;108,08 04 47 p. m.
548;08:04:59;;548,08 04 59 p. m.
452;08:05:01;;452,08 05 01 p. m.
267;08:05:08;;267,08 05 08 p. m.
925;08:05:17;;925,08 05 17 p. m.
411;08:05:18;;411,08 05 18 p. m.
982;08:05:35;;982,08 05 35 p. m.
579;08:05:36;;579,08 05 36 p. m.
695;08:05:41;;695,08 05 41 p. m.
970;08:05:44;;970,08 05 44 p. m.
579;08:05:50;;579,08 05 50 p. m.
636;08:05:54;;636,08 05 54 p. m.
769;08:06:11;;769,08 06 11 p. m.
998;08:06:16;;998,08 06 16 p. m.
959;08:06:36;;959,08 06 36 p. m.
618;08:06:38;;618,08 06 38 p. m.
469;08:06:38;;469,08 06 38 p. m.
230;08:06:40;;230,08 06 40 p. m.
746;08:06:46;;746,08 06 46 p. m.
38;08:06:48;;38,08 06 48 p. m.
83;08:06:48;;83,08 06 48 p. m.
58;08:06:53;;58,08 06 53 p. m.
808;08:06:54;;808,08 06 54 p. m.
566;08:07:18;;566,08 07 18 p. m.
957;08:07:20;;957,08 07 20 p. m.
907;08:07:51;;907,08 07 51 p. m.
935;08:08:23;;935,08 08 23 p. m.
542;08:08:27;;542,08 08 27 p. m.
507;08:08:34;;507,08 08 34 p. m.
244;08:08:51;;244,08 08 51 p. m.
87;08:08:53;;87,08 08 53 p. m.
887;08:08:56;;887,08 08 56 p. m.
106;08:09:09;;106,08 09 09 p. m.
613;08:09:26;;613,08 09 26 p. m.
943;08:09:28;;943,08 09 28 p. m.
540;08:09:29;;540,08 09 29 p. m.
718;08:09:54;;718,08 09 54 p. m.
136;08:09:59;;136,08 09 59 p. m.
154;08:10:05;;154,08 10 05 p. m.
824;08:10:08;;824,08 10 08 p. m.
152;08:10:13;;152,08 10 13 p. m.
811;08:10:13;;811,08 10 13 p. m.
343;08:10:15;;343,08 10 15 p. m.
588;08:10:20;;588,08 10 20 p. m.
241;08:10:26;;241,08 10 26 p. m.
136;08:10:32;;136,08 10 32 p. m.
896;08:10:43;;896,08 10 43 p. m.
998;08:10:46;;998,08 10 46 p. m.
981;08:10:48;;981,08 10 48 p. m.
886;08:10:51;;886,08 10 51 p. m.
850;08:10:56;;850,08 10 56 p. m.
466;08:11:21;;466,08 11 21 p. m.
579;08:11:26;;579,08 11 26 p. m.
607;08:11:44;;607,08 11 44 p. m.
431;08:11:46;;431,08 11 46 p. m.
139;08:08:08;;139,08 08 08 p. m.
267;08:08:17;;267,08 08 17 p. m.
970;08:08:19;;970,08 08 19 p. m.
943;08:08:19;;943,08 08 19 p. m.
907;08:08:22;;907,08 08 22 p. m.
605;08:08:34;;605,08 08 34 p. m.
517;08:08:40;;517,08 08 40 p. m.
957;08:08:56;;957,08 08 56 p. m.
943;08:13:16;;943,08 13 16 p. m.
130;08:13:18;;130,08 13 18 p. m.
100;08:13:18;;100,08 13 18 p. m.
718;08:13:29;;718,08 13 29 p. m.
542;08:13:43;;542,08 13 43 p. m.
896;08:13:58;;896,08 13 58 p. m.
462;08:14:02;;462,08 14 02 p. m.
722;08:14:06;;722,08 14 06 p. m.
769;08:14:07;;769,08 14 07 p. m.
21;08:14:16;;21,08 14 16 p. m.
874;08:14:23;;874,08 14 23 p. m.
618;08:14:35;;618,08 14 35 p. m.
755;08:14:44;;755,08 14 44 p. m.
613;08:15:15;;613,08 15 15 p. m.
998;08:15:41;;998,08 15 41 p. m.
136;08:15:41;;136,08 15 41 p. m.
943;08:15:44;;943,08 15 44 p. m.
267;08:15:46;;267,08 15 46 p. m.
982;08:16:08;;982,08 16 08 p. m.
38;08:16:16;;38,08 16 16 p. m.
436;08:16:22;;436,08 16 22 p. m.
343;08:16:25;;343,08 16 25 p. m.
432;08:16:37;;432,08 16 37 p. m.
227;08:16:46;;227,08 16 46 p. m.
591;08:16:58;;591,08 16 58 p. m.
666;08:17:02;;666,08 17 02 p. m.
1010;08:17:05;;1010,08 17 05 p. m.
244;08:17:07;;244,08 17 07 p. m.
613;08:17:16;;613,08 17 16 p. m.
45;08:17:18;;45,08 17 18 p. m.
808;08:17:20;;808,08 17 20 p. m.
23;08:17:32;;23,08 17 32 p. m.
330;08:17:34;;330,08 17 34 p. m.
636;08:17:51;;636,08 17 51 p. m.
722;08:17:54;;722,08 17 54 p. m.
891;08:17:58;;891,08 17 58 p. m.
896;08:17:59;;896,08 17 59 p. m.
35;08:18:11;;35,08 18 11 p. m.
466;08:18:08;;466,08 18 08 p. m.
136;08:18:22;;136,08 18 22 p. m.
139;08:18:26;;139,08 18 26 p. m.
436;08:18:37;;436,08 18 37 p. m.
636;08:18:41;;636,08 18 41 p. m.
850;08:18:45;;850,08 18 45 p. m.
106;08:18:47;;106,08 18 47 p. m.
45;08:18:59;;45,08 18 59 p. m.
136;08:19:03;;136,08 19 03 p. m.
1004;08:19:04;;1004,08 19 04 p. m.
329;08:19:16;;329,08 19 16 p. m.
925;08:19:18;;925,08 19 18 p. m.
624;08:19:20;;624,08 19 20 p. m.
725;08:19:35;;725,08 19 35 p. m.
995;08:19:39;;995,08 19 39 p. m.
1010;08:19:54;;1010,08 19 54 p. m.
262;08:20:10;;262,08 20 10 p. m.
887;08:20:26;;887,08 20 26 p. m.
897;08:20:32;;897,08 20 32 p. m.
462;08:20:32;;462,08 20 32 p. m.
25;08:20:35;;25,08 20 35 p. m.
87;08:20:36;;87,08 20 36 p. m.
566;08:20:44;;566,08 20 44 p. m.
136;08:20:47;;136,08 20 47 p. m.
633;08:20:52;;633,08 20 52 p. m.
517;08:20:59;;517,08 20 59 p. m.
315;08:21:06;;315,08 21 06 p. m.
835;08:21:41;;835,08 21 41 p. m.
685;08:21:42;;685,08 21 42 p. m.
432;08:21:55;;432,08 21 55 p. m.
38;08:22:13;;38,08 22 13 p. m.
295;08:22:20;;295,08 22 20 p. m.
568;08:22:23;;568,08 22 23 p. m.
487;08:22:24;;487,08 22 24 p. m.
246;08:22:25;;246,08 22 25 p. m.
83;08:22:54;;83,08 22 54 p. m.
688;08:22:58;;688,08 22 58 p. m.
874;08:23:09;;874,08 23 09 p. m.
794;08:23:28;;794,08 23 28 p. m.
907;08:23:28;;907,08 23 28 p. m.
516;08:23:29;;516,08 23 29 p. m.
957;08:23:39;;957,08 23 39 p. m.
364;08:23:39;;364,08 23 39 p. m.
946;08:23:43;;946,08 23 43 p. m.
108;08:23:43;;108,08 23 43 p. m.
591;08:23:49;;591,08 23 49 p. m.
38;08:23:52;;38,08 23 52 p. m.
703;08:23:52;;703,08 23 52 p. m.
655;08:24:30;;655,08 24 30 p. m.
343;08:24:33;;343,08 24 33 p. m.
339;08:24:45;;339,08 24 45 p. m.
339;08:24:46;;339,08 24 46 p. m.
339;08:24:47;;339,08 24 47 p. m.
339;08:24:48;;339,08 24 48 p. m.
339;08:24:49;;339,08 24 49 p. m.
339;08:24:50;;339,08 24 50 p. m.
339;08:24:51;;339,08 24 51 p. m.
339;08:24:52;;339,08 24 52 p. m.
339;08:24:53;;339,08 24 53 p. m.
339;08:24:54;;339,08 24 54 p. m.
339;08:24:55;;339,08 24 55 p. m.
995;08:24:56;;995,08 24 56 p. m.
339;08:24:56;;339,08 24 56 p. m.
339;08:24:57;;339,08 24 57 p. m.
722;08:24:58;;722,08 24 58 p. m.
339;08:24:58;;339,08 24 58 p. m.
339;08:24:59;;339,08 24 59 p. m.
339;08:25:00;;339,08 25 00 p. m.
339;08:25:01;;339,08 25 01 p. m.
339;08:25:02;;339,08 25 02 p. m.
339;08:25:03;;339,08 25 03 p. m.
339;08:25:04;;339,08 25 04 p. m.
339;08:25:05;;339,08 25 05 p. m.
339;08:25:06;;339,08 25 06 p. m.
339;08:25:07;;339,08 25 07 p. m.
339;08:25:08;;339,08 25 08 p. m.
339;08:25:09;;339,08 25 09 p. m.
345;08:25:10;;345,08 25 10 p. m.
339;08:25:10;;339,08 25 10 p. m.
339;08:25:11;;339,08 25 11 p. m.
339;08:25:08;;339,08 25 08 p. m.
339;08:25:13;;339,08 25 13 p. m.
339;08:25:14;;339,08 25 14 p. m.
339;08:25:15;;339,08 25 15 p. m.
339;08:25:16;;339,08 25 16 p. m.
339;08:25:17;;339,08 25 17 p. m.
339;08:25:18;;339,08 25 18 p. m.
339;08:25:19;;339,08 25 19 p. m.
339;08:25:20;;339,08 25 20 p. m.
339;08:25:21;;339,08 25 21 p. m.
343;08:25:21;;343,08 25 21 p. m.
339;08:25:22;;339,08 25 22 p. m.
339;08:25:23;;339,08 25 23 p. m.
339;08:25:24;;339,08 25 24 p. m.
339;08:25:25;;339,08 25 25 p. m.
339;08:25:26;;339,08 25 26 p. m.
568;08:25:27;;568,08 25 27 p. m.
339;08:25:27;;339,08 25 27 p. m.
339;08:25:28;;339,08 25 28 p. m.
339;08:25:29;;339,08 25 29 p. m.
401;08:25:30;;401,08 25 30 p. m.
339;08:25:30;;339,08 25 30 p. m.
339;08:25:31;;339,08 25 31 p. m.
339;08:25:32;;339,08 25 32 p. m.
718;08:25:33;;718,08 25 33 p. m.
339;08:25:33;;339,08 25 33 p. m.
339;08:25:34;;339,08 25 34 p. m.
339;08:25:35;;339,08 25 35 p. m.
339;08:25:36;;339,08 25 36 p. m.
691;08:25:37;;691,08 25 37 p. m.
339;08:25:37;;339,08 25 37 p. m.
339;08:25:38;;339,08 25 38 p. m.
339;08:25:39;;339,08 25 39 p. m.
995;08:25:40;;995,08 25 40 p. m.
339;08:25:40;;339,08 25 40 p. m.
725;08:25:41;;725,08 25 41 p. m.
339;08:25:41;;339,08 25 41 p. m.
339;08:25:42;;339,08 25 42 p. m.
339;08:25:43;;339,08 25 43 p. m.
339;08:25:44;;339,08 25 44 p. m.
339;08:25:45;;339,08 25 45 p. m.
339;08:25:46;;339,08 25 46 p. m.
339;08:25:47;;339,08 25 47 p. m.
339;08:25:48;;339,08 25 48 p. m.
339;08:25:49;;339,08 25 49 p. m.
339;08:25:50;;339,08 25 50 p. m.
339;08:25:51;;339,08 25 51 p. m.
339;08:25:52;;339,08 25 52 p. m.
339;08:25:53;;339,08 25 53 p. m.
339;08:25:54;;339,08 25 54 p. m.
227;08:25:55;;227,08 25 55 p. m.
339;08:25:55;;339,08 25 55 p. m.
339;08:25:56;;339,08 25 56 p. m.
339;08:25:57;;339,08 25 57 p. m.
136;08:25:57;;136,08 25 57 p. m.
339;08:25:58;;339,08 25 58 p. m.
339;08:25:59;;339,08 25 59 p. m.
339;08:26:00;;339,08 26 00 p. m.
339;08:26:01;;339,08 26 01 p. m.
339;08:26:02;;339,08 26 02 p. m.
339;08:26:03;;339,08 26 03 p. m.
339;08:26:04;;339,08 26 04 p. m.
339;08:26:05;;339,08 26 05 p. m.
339;08:26:06;;339,08 26 06 p. m.
339;08:26:07;;339,08 26 07 p. m.
339;08:26:08;;339,08 26 08 p. m.
339;08:26:09;;339,08 26 09 p. m.
339;08:26:10;;339,08 26 10 p. m.
339;08:26:11;;339,08 26 11 p. m.
339;08:26:08;;339,08 26 08 p. m.
339;08:26:13;;339,08 26 13 p. m.
339;08:26:14;;339,08 26 14 p. m.
339;08:26:15;;339,08 26 15 p. m.
17;08:26:16;;17,08 26 16 p. m.
339;08:26:16;;339,08 26 16 p. m.
339;08:26:17;;339,08 26 17 p. m.
339;08:26:18;;339,08 26 18 p. m.
364;08:26:29;;364,08 26 29 p. m.
172;08:26:30;;172,08 26 30 p. m.
364;08:26:46;;364,08 26 46 p. m.
343;08:26:49;;343,08 26 49 p. m.
665;08:26:58;;665,08 26 58 p. m.
241;08:26:59;;241,08 26 59 p. m.
908;08:27:05;;908,08 27 05 p. m.
874;08:27:06;;874,08 27 06 p. m.
537;08:27:07;;537,08 27 07 p. m.
177;08:27:09;;177,08 27 09 p. m.
227;08:27:13;;227,08 27 13 p. m.
31;08:27:18;;31,08 27 18 p. m.
231;08:27:23;;231,08 27 23 p. m.
326;08:27:24;;326,08 27 24 p. m.
139;08:27:26;;139,08 27 26 p. m.
343;08:27:26;;343,08 27 26 p. m.
722;08:27:31;;722,08 27 31 p. m.
64;08:27:52;;64,08 27 52 p. m.
722;08:27:59;;722,08 27 59 p. m.
345;08:28:04;;345,08 28 04 p. m.
943;08:28:13;;943,08 28 13 p. m.
308;08:28:14;;308,08 28 14 p. m.
722;08:28:17;;722,08 28 17 p. m.
262;08:28:25;;262,08 28 25 p. m.
767;08:28:37;;767,08 28 37 p. m.
666;08:28:39;;666,08 28 39 p. m.
673;08:28:41;;673,08 28 41 p. m.
136;08:28:44;;136,08 28 44 p. m.
152;08:28:51;;152,08 28 51 p. m.
675;08:29:01;;675,08 29 01 p. m.
247;08:29:09;;247,08 29 09 p. m.
613;08:29:22;;613,08 29 22 p. m.
908;08:29:24;;908,08 29 24 p. m.
411;08:29:32;;411,08 29 32 p. m.
957;08:29:33;;957,08 29 33 p. m.
861;08:29:45;;861,08 29 45 p. m.
673;08:29:48;;673,08 29 48 p. m.
611;08:29:59;;611,08 29 59 p. m.
900;08:30:05;;900,08 30 05 p. m.
329;08:30:06;;329,08 30 06 p. m.
809;08:30:08;;809,08 30 08 p. m.
897;08:30:16;;897,08 30 16 p. m.
102;08:30:24;;102,08 30 24 p. m.
400;08:30:37;;400,08 30 37 p. m.
371;08:30:49;;371,08 30 49 p. m.
246;08:31:02;;246,08 31 02 p. m.
579;08:31:06;;579,08 31 06 p. m.
432;08:31:10;;432,08 31 10 p. m.
966;08:31:11;;966,08 31 11 p. m.
850;08:31:35;;850,08 31 35 p. m.
984;08:31:41;;984,08 31 41 p. m.
38;08:31:44;;38,08 31 44 p. m.
136;08:32:01;;136,08 32 01 p. m.
949;08:32:05;;949,08 32 05 p. m.
136;08:32:08;;136,08 32 08 p. m.
173;08:32:13;;173,08 32 13 p. m.
666;08:32:26;;666,08 32 26 p. m.
227;08:32:29;;227,08 32 29 p. m.
487;08:32:40;;487,08 32 40 p. m.
241;08:32:42;;241,08 32 42 p. m.
755;08:32:47;;755,08 32 47 p. m.
982;08:33:11;;982,08 33 11 p. m.
130;08:33:11;;130,08 33 11 p. m.
154;08:33:40;;154,08 33 40 p. m.
38;08:33:53;;38,08 33 53 p. m.
108;08:33:53;;108,08 33 53 p. m.
185;08:34:02;;185,08 34 02 p. m.
580;08:34:05;;580,08 34 05 p. m.
22;08:34:06;;22,08 34 06 p. m.
60;08:34:06;;60,08 34 06 p. m.
998;08:34:07;;998,08 34 07 p. m.
578;08:34:07;;578,08 34 07 p. m.
372;08:34:16;;372,08 34 16 p. m.
154;08:34:22;;154,08 34 22 p. m.
452;08:34:31;;452,08 34 31 p. m.
679;08:34:37;;679,08 34 37 p. m.
943;08:34:47;;943,08 34 47 p. m.
769;08:34:50;;769,08 34 50 p. m.
887;08:34:52;;887,08 34 52 p. m.
892;08:34:52;;892,08 34 52 p. m.
94;08:34:56;;94,08 34 56 p. m.
886;08:35:04;;886,08 35 04 p. m.
566;08:35:05;;566,08 35 05 p. m.
691;08:35:14;;691,08 35 14 p. m.
966;08:35:17;;966,08 35 17 p. m.
51;08:35:25;;51,08 35 25 p. m.
329;08:35:26;;329,08 35 26 p. m.
404;08:35:33;;404,08 35 33 p. m.
618;08:35:37;;618,08 35 37 p. m.
467;08:35:41;;467,08 35 41 p. m.
433;08:36:05;;433,08 36 05 p. m.
411;08:36:05;;411,08 36 05 p. m.
703;08:36:08;;703,08 36 08 p. m.
685;08:36:15;;685,08 36 15 p. m.
578;08:36:21;;578,08 36 21 p. m.
433;08:36:24;;433,08 36 24 p. m.
959;08:36:36;;959,08 36 36 p. m.
343;08:36:40;;343,08 36 40 p. m.
327;08:36:46;;327,08 36 46 p. m.
51;08:36:49;;51,08 36 49 p. m.
959;08:36:55;;959,08 36 55 p. m.
51;08:36:59;;51,08 36 59 p. m.
632;08:37:02;;632,08 37 02 p. m.
78;08:37:03;;78,08 37 03 p. m.
231;08:37:07;;231,08 37 07 p. m.
230;08:37:13;;230,08 37 13 p. m.
367;08:37:25;;367,08 37 25 p. m.
453;08:37:36;;453,08 37 36 p. m.
853;08:37:51;;853,08 37 51 p. m.
227;08:37:55;;227,08 37 55 p. m.
31;08:37:56;;31,08 37 56 p. m.
943;08:37:58;;943,08 37 58 p. m.
139;08:38:08;;139,08 38 08 p. m.
51;08:38:19;;51,08 38 19 p. m.
632;08:38:23;;632,08 38 23 p. m.
69;08:38:26;;69,08 38 26 p. m.
808;08:38:28;;808,08 38 28 p. m.
998;08:38:31;;998,08 38 31 p. m.
722;08:38:39;;722,08 38 39 p. m.
507;08:38:52;;507,08 38 52 p. m.
51;08:39:07;;51,08 39 07 p. m.
624;08:39:14;;624,08 39 14 p. m.
418;08:39:23;;418,08 39 23 p. m.
51;08:39:26;;51,08 39 26 p. m.
633;08:39:38;;633,08 39 38 p. m.
105;08:39:48;;105,08 39 48 p. m.
51;08:39:50;;51,08 39 50 p. m.
51;08:39:51;;51,08 39 51 p. m.
1010;08:39:57;;1010,08 39 57 p. m.
241;08:40:02;;241,08 40 02 p. m.
51;08:40:04;;51,08 40 04 p. m.
329;08:40:15;;329,08 40 15 p. m.
23;08:40:55;;23,08 40 55 p. m.
333;08:41:03;;333,08 41 03 p. m.
343;08:41:03;;343,08 41 03 p. m.
51;08:41:11;;51,08 41 11 p. m.
51;08:41:08;;51,08 41 08 p. m.
908;08:41:17;;908,08 41 17 p. m.
69;08:41:22;;69,08 41 22 p. m.
105;08:41:31;;105,08 41 31 p. m.
105;08:41:33;;105,08 41 33 p. m.
083;08:41:50;;083,08 41 50 p. m.
366;08:41:51;;366,08 41 51 p. m.
136;08:42:25;;136,08 42 25 p. m.
259;08:42:26;;259,08 42 26 p. m.
984;08:42:36;;984,08 42 36 p. m.
746;08:42:44;;746,08 42 44 p. m.
950;08:42:46;;950,08 42 46 p. m.
51;08:42:52;;51,08 42 52 p. m.
136;08:42:52;;136,08 42 52 p. m.
51;08:43:11;;51,08 43 11 p. m.
644;08:43:16;;644,08 43 16 p. m.
241;08:43:21;;241,08 43 21 p. m.
578;08:43:23;;578,08 43 23 p. m.
633;08:43:26;;633,08 43 26 p. m.
333;08:43:31;;333,08 43 31 p. m.
1004;08:43:32;;1004,08 43 32 p. m.
330;08:43:34;;330,08 43 34 p. m.
51;08:43:38;;51,08 43 38 p. m.
51;08:43:41;;51,08 43 41 p. m.
51;08:43:47;;51,08 43 47 p. m.
136;08:43:59;;136,08 43 59 p. m.
295;08:44:00;;295,08 44 00 p. m.
400;08:44:01;;400,08 44 01 p. m.
190;08:44:04;;190,08 44 04 p. m.
578;08:44:09;;578,08 44 09 p. m.
970;08:44:15;;970,08 44 15 p. m.
432;08:44:30;;432,08 44 30 p. m.
338;08:44:42;;338,08 44 42 p. m.
327;08:44:54;;327,08 44 54 p. m.
343;08:44:55;;343,08 44 55 p. m.
31;08:45:03;;31,08 45 03 p. m.
17;08:45:11;;17,08 45 11 p. m.
303;08:45:08;;303,08 45 08 p. m.
550;08:45:13;;550,08 45 13 p. m.
401;08:45:29;;401,08 45 29 p. m.
201;08:45:44;;201,08 45 44 p. m.
38;08:45:44;;38,08 45 44 p. m.
230;08:45:49;;230,08 45 49 p. m.
769;08:45:51;;769,08 45 51 p. m.
25;08:46:16;;25,08 46 16 p. m.
578;08:46:21;;578,08 46 21 p. m.
636;08:46:23;;636,08 46 23 p. m.
366;08:46:39;;366,08 46 39 p. m.
433;08:46:41;;433,08 46 41 p. m.
51;08:46:50;;51,08 46 50 p. m.
343;08:46:52;;343,08 46 52 p. m.
945;08:46:53;;945,08 46 53 p. m.
466;08:47:02;;466,08 47 02 p. m.
315;08:47:04;;315,08 47 04 p. m.
41;08:47:10;;41,08 47 10 p. m.
105;08:47:10;;105,08 47 10 p. m.
432;08:47:14;;432,08 47 14 p. m.
51;08:47:15;;51,08 47 15 p. m.
51;08:47:19;;51,08 47 19 p. m.
115;08:47:37;;115,08 47 37 p. m.
753;08:48:03;;753,08 48 03 p. m.
51;08:48:03;;51,08 48 03 p. m.
51;08:48:04;;51,08 48 04 p. m.
32;08:48:10;;32,08 48 10 p. m.
234;08:48:11;;234,08 48 11 p. m.
51;08:48:11;;51,08 48 11 p. m.
679;08:48:17;;679,08 48 17 p. m.
333;08:48:31;;333,08 48 31 p. m.
51;08:48:43;;51,08 48 43 p. m.
945;08:48:49;;945,08 48 49 p. m.
333;08:48:54;;333,08 48 54 p. m.
94;08:49:02;;94,08 49 02 p. m.
755;08:49:05;;755,08 49 05 p. m.
083;08:49:14;;083,08 49 14 p. m.
613;08:49:53;;613,08 49 53 p. m.
51;08:49:55;;51,08 49 55 p. m.
089;08:49:57;;089,08 49 57 p. m.
51;08:50:18;;51,08 50 18 p. m.
60;08:50:30;;60,08 50 30 p. m.
136;08:50:30;;136,08 50 30 p. m.
998;08:50:32;;998,08 50 32 p. m.
666;08:50:45;;666,08 50 45 p. m.
78;08:51:13;;78,08 51 13 p. m.
136;08:51:33;;136,08 51 33 p. m.
943;08:51:37;;943,08 51 37 p. m.
51;08:52:03;;51,08 52 03 p. m.
136;08:52:04;;136,08 52 04 p. m.
22;08:52:08;;22,08 52 08 p. m.
97;08:52:24;;97,08 52 24 p. m.
315;08:52:29;;315,08 52 29 p. m.
809;08:52:35;;809,08 52 35 p. m.
887;08:52:36;;887,08 52 36 p. m.
51;08:53:03;;51,08 53 03 p. m.
51;08:53:05;;51,08 53 05 p. m.
51;08:53:10;;51,08 53 10 p. m.
345;08:53:11;;345,08 53 11 p. m.
51;08:53:20;;51,08 53 20 p. m.
957;08:54:07;;957,08 54 07 p. m.
343;08:54:09;;343,08 54 09 p. m.
69;08:54:18;;69,08 54 18 p. m.
161;08:54:25;;161,08 54 25 p. m.
719;08:54:30;;719,08 54 30 p. m.
453;08:54:35;;453,08 54 35 p. m.
217;08:54:50;;217,08 54 50 p. m.
946;08:54:53;;946,08 54 53 p. m.
487;08:54:56;;487,08 54 56 p. m.
404;08:55:04;;404,08 55 04 p. m.
51;08:55:08;;51,08 55 08 p. m.
578;08:55:09;;578,08 55 09 p. m.
23;08:55:15;;23,08 55 15 p. m.
51;08:55:21;;51,08 55 21 p. m.
900;08:55:27;;900,08 55 27 p. m.
943;08:55:29;;943,08 55 29 p. m.
51;08:55:53;;51,08 55 53 p. m.
579;08:55:57;;579,08 55 57 p. m.
613;08:56:00;;613,08 56 00 p. m.
893;08:56:04;;893,08 56 04 p. m.
469;08:56:18;;469,08 56 18 p. m.
578;08:56:20;;578,08 56 20 p. m.
343;08:56:31;;343,08 56 31 p. m.
624;08:56:58;;624,08 56 58 p. m.
371;08:57:01;;371,08 57 01 p. m.
51;08:57:03;;51,08 57 03 p. m.
579;08:57:10;;579,08 57 10 p. m.
371;08:57:13;;371,08 57 13 p. m.
633;08:57:17;;633,08 57 17 p. m.
51;08:57:17;;51,08 57 17 p. m.
542;08:57:31;;542,08 57 31 p. m.
38;08:57:37;;38,08 57 37 p. m.
51;08:57:56;;51,08 57 56 p. m.
491;08:57:58;;491,08 57 58 p. m.
808;08:58:07;;808,08 58 07 p. m.
998;08:58:11;;998,08 58 11 p. m.
542;08:58:08;;542,08 58 08 p. m.
896;08:58:20;;896,08 58 20 p. m.
366;08:58:30;;366,08 58 30 p. m.
343;08:58:31;;343,08 58 31 p. m.
78;08:58:43;;78,08 58 43 p. m.
769;08:58:48;;769,08 58 48 p. m.
891;08:58:56;;891,08 58 56 p. m.
832;08:00:09;;832,08 00 09 p. m.
699;08:00:16;;699,08 00 16 p. m.
800;08:00:24;;800,08 00 24 p. m.
517;08:00:38;;517,08 00 38 p. m.
703;08:00:44;;703,08 00 44 p. m.
990;08:00:46;;990,08 00 46 p. m.
595;08:00:56;;595,08 00 56 p. m.
725;08:00:56;;725,08 00 56 p. m.
822;08:00:59;;822,08 00 59 p. m.
343;08:01:21;;343,08 01 21 p. m.
595;08:01:22;;595,08 01 22 p. m.
865;08:01:26;;865,08 01 26 p. m.
250;08:01:40;;250,08 01 40 p. m.
578;08:02:25;;578,08 02 25 p. m.
340;08:02:26;;340,08 02 26 p. m.
218;08:02:31;;218,08 02 31 p. m.
653;08:02:38;;653,08 02 38 p. m.
10;08:02:38;;10,08 02 38 p. m.
187;08:03:08;;187,08 03 08 p. m.
142;08:03:18;;142,08 03 18 p. m.
981;08:03:19;;981,08 03 19 p. m.
218;08:03:24;;218,08 03 24 p. m.
786;08:03:33;;786,08 03 33 p. m.
992;08:03:40;;992,08 03 40 p. m.
089;08:03:52;;089,08 03 52 p. m.
485;08:04:04;;485,08 04 04 p. m.
562;08:04:06;;562,08 04 06 p. m.
957;08:04:08;;957,08 04 08 p. m.
345;08:04:17;;345,08 04 17 p. m.
997;08:04:23;;997,08 04 23 p. m.
78;08:04:32;;78,08 04 32 p. m.
714;08:04:36;;714,08 04 36 p. m.
829;08:04:55;;829,08 04 55 p. m.
578;08:04:59;;578,08 04 59 p. m.
35;08:05:13;;35,08 05 13 p. m.
639;08:05:17;;639,08 05 17 p. m.
636;08:05:29;;636,08 05 29 p. m.
618;08:05:51;;618,08 05 51 p. m.
421;08:05:56;;421,08 05 56 p. m.
970;08:05:59;;970,08 05 59 p. m.
90;08:06:14;;90,08 06 14 p. m.
85;08:06:28;;85,08 06 28 p. m.
739;08:06:37;;739,08 06 37 p. m.
469;08:06:38;;469,08 06 38 p. m.
498;08:07:02;;498,08 07 02 p. m.
613;08:07:04;;613,08 07 04 p. m.
162;08:07:09;;162,08 07 09 p. m.
18;08:07:20;;18,08 07 20 p. m.
343;08:07:21;;343,08 07 21 p. m.
908;08:07:23;;908,08 07 23 p. m.
992;08:07:23;;992,08 07 23 p. m.
645;08:07:58;;645,08 07 58 p. m.
699;08:08:15;;699,08 08 15 p. m.
27;08:08:28;;27,08 08 28 p. m.
285;08:08:36;;285,08 08 36 p. m.
970;08:09:04;;970,08 09 04 p. m.
746;08:09:05;;746,08 09 05 p. m.
303;08:09:08;;303,08 09 08 p. m.
218;08:09:28;;218,08 09 28 p. m.
566;08:09:33;;566,08 09 33 p. m.
606;08:09:39;;606,08 09 39 p. m.
300;08:09:46;;300,08 09 46 p. m.
844;08:09:59;;844,08 09 59 p. m.
562;08:10:01;;562,08 10 01 p. m.
343;08:10:02;;343,08 10 02 p. m.
613;08:10:05;;613,08 10 05 p. m.
136;08:10:11;;136,08 10 11 p. m.
628;08:10:15;;628,08 10 15 p. m.
159;08:10:19;;159,08 10 19 p. m.
517;08:10:20;;517,08 10 20 p. m.
970;08:10:36;;970,08 10 36 p. m.
31;08:10:43;;31,08 10 43 p. m.
409;08:10:59;;409,08 10 59 p. m.
636;08:11:14;;636,08 11 14 p. m.
352;08:11:14;;352,08 11 14 p. m.
303;08:11:21;;303,08 11 21 p. m.
718;08:11:22;;718,08 11 22 p. m.
714;08:11:29;;714,08 11 29 p. m.
618;08:11:29;;618,08 11 29 p. m.
1010;08:11:36;;1010,08 11 36 p. m.
431;08:11:46;;431,08 11 46 p. m.
639;08:08:03;;639,08 08 03 p. m.
734;08:08:06;;734,08 08 06 p. m.
633;08:08:16;;633,08 08 16 p. m.
628;08:08:20;;628,08 08 20 p. m.
578;08:08:38;;578,08 08 38 p. m.
694;08:13:34;;694,08 13 34 p. m.
773;08:13:34;;773,08 13 34 p. m.
136;08:13:42;;136,08 13 42 p. m.
837;08:13:52;;837,08 13 52 p. m.
136;08:13:52;;136,08 13 52 p. m.
166;08:14:10;;166,08 14 10 p. m.
945;08:14:10;;945,08 14 10 p. m.
960;08:14:37;;960,08 14 37 p. m.
285;08:14:38;;285,08 14 38 p. m.
108;08:14:41;;108,08 14 41 p. m.
354;08:15:04;;354,08 15 04 p. m.
401;08:15:16;;401,08 15 16 p. m.
578;08:15:49;;578,08 15 49 p. m.
673;08:15:50;;673,08 15 50 p. m.
31;08:15:59;;31,08 15 59 p. m.
694;08:16:03;;694,08 16 03 p. m.
343;08:16:18;;343,08 16 18 p. m.
390;08:16:23;;390,08 16 23 p. m.
367;08:16:31;;367,08 16 31 p. m.
92;08:16:32;;92,08 16 32 p. m.
600;08:16:41;;600,08 16 41 p. m.
588;08:16:42;;588,08 16 42 p. m.
354;08:16:54;;354,08 16 54 p. m.
703;08:17:23;;703,08 17 23 p. m.
574;08:17:33;;574,08 17 33 p. m.
739;08:17:54;;739,08 17 54 p. m.
1004;08:18:00;;1004,08 18 00 p. m.
161;08:18:09;;161,08 18 09 p. m.
714;08:18:10;;714,08 18 10 p. m.
38;08:18:24;;38,08 18 24 p. m.
544;08:18:27;;544,08 18 27 p. m.
580;08:18:32;;580,08 18 32 p. m.
136;08:18:33;;136,08 18 33 p. m.
945;08:18:37;;945,08 18 37 p. m.
891;08:19:15;;891,08 19 15 p. m.
568;08:19:19;;568,08 19 19 p. m.
490;08:19:44;;490,08 19 44 p. m.
959;08:19:48;;959,08 19 48 p. m.
423;08:19:51;;423,08 19 51 p. m.
490;08:20:06;;490,08 20 06 p. m.
108;08:20:07;;108,08 20 07 p. m.
367;08:20:46;;367,08 20 46 p. m.
36;08:20:48;;36,08 20 48 p. m.
294;08:21:29;;294,08 21 29 p. m.
136;08:21:48;;136,08 21 48 p. m.
1000;08:22:00;;1000,08 22 00 p. m.
628;08:22:11;;628,08 22 11 p. m.
208;08:22:14;;208,08 22 14 p. m.
517;08:22:38;;517,08 22 38 p. m.
970;08:22:40;;970,08 22 40 p. m.
540;08:22:44;;540,08 22 44 p. m.
154;08:22:45;;154,08 22 45 p. m.
436;08:22:52;;436,08 22 52 p. m.
865;08:22:56;;865,08 22 56 p. m.
340;08:23:08;;340,08 23 08 p. m.
343;08:23:18;;343,08 23 18 p. m.
146;08:23:20;;146,08 23 20 p. m.
136;08:23:30;;136,08 23 30 p. m.
409;08:23:32;;409,08 23 32 p. m.
501;08:23:53;;501,08 23 53 p. m.
613;08:24:01;;613,08 24 01 p. m.
31;08:24:08;;31,08 24 08 p. m.
574;08:24:08;;574,08 24 08 p. m.
161;08:24:31;;161,08 24 31 p. m.
1010;08:24:36;;1010,08 24 36 p. m.
343;08:24:41;;343,08 24 41 p. m.
636;08:24:44;;636,08 24 44 p. m.
613;08:24:45;;613,08 24 45 p. m.
136;08:25:10;;136,08 25 10 p. m.
718;08:25:11;;718,08 25 11 p. m.
832;08:25:19;;832,08 25 19 p. m.
343;08:25:38;;343,08 25 38 p. m.
605;08:25:44;;605,08 25 44 p. m.
294;08:25:51;;294,08 25 51 p. m.
725;08:25:57;;725,08 25 57 p. m.
376;08:25:58;;376,08 25 58 p. m.
753;08:26:13;;753,08 26 13 p. m.
17;08:26:31;;17,08 26 31 p. m.
85;08:26:34;;85,08 26 34 p. m.
703;08:26:46;;703,08 26 46 p. m.
552;08:26:54;;552,08 26 54 p. m.
84;08:26:58;;84,08 26 58 p. m.
146;08:27:00;;146,08 27 00 p. m.
340;08:27:07;;340,08 27 07 p. m.
542;08:27:07;;542,08 27 07 p. m.
159;08:27:16;;159,08 27 16 p. m.
187;08:27:22;;187,08 27 22 p. m.
446;08:27:30;;446,08 27 30 p. m.
343;08:27:33;;343,08 27 33 p. m.
591;08:27:39;;591,08 27 39 p. m.
703;08:27:47;;703,08 27 47 p. m.
108;08:28:01;;108,08 28 01 p. m.
990;08:28:09;;990,08 28 09 p. m.
498;08:28:25;;498,08 28 25 p. m.
343;08:28:38;;343,08 28 38 p. m.
142;08:28:42;;142,08 28 42 p. m.
68;08:29:04;;68,08 29 04 p. m.
636;08:29:04;;636,08 29 04 p. m.
591;08:29:04;;591,08 29 04 p. m.
574;08:29:34;;574,08 29 34 p. m.
537;08:29:44;;537,08 29 44 p. m.
993;08:30:05;;993,08 30 05 p. m.
651;08:30:15;;651,08 30 15 p. m.
795;08:30:16;;795,08 30 16 p. m.
542;08:30:17;;542,08 30 17 p. m.
47;08:30:26;;47,08 30 26 p. m.
154;08:30:27;;154,08 30 27 p. m.
85;08:31:05;;85,08 31 05 p. m.
470;08:31:06;;470,08 31 06 p. m.
578;08:31:11;;578,08 31 11 p. m.
275;08:31:37;;275,08 31 37 p. m.
628;08:31:52;;628,08 31 52 p. m.
993;08:31:58;;993,08 31 58 p. m.
432;08:32:02;;432,08 32 02 p. m.
844;08:32:03;;844,08 32 03 p. m.
136;08:32:04;;136,08 32 04 p. m.
970;08:32:05;;970,08 32 05 p. m.
161;08:32:20;;161,08 32 20 p. m.
837;08:32:23;;837,08 32 23 p. m.
146;08:32:47;;146,08 32 47 p. m.
31;08:32:49;;31,08 32 49 p. m.
340;08:32:55;;340,08 32 55 p. m.
432;08:32:55;;432,08 32 55 p. m.
993;08:32:56;;993,08 32 56 p. m.
517;08:33:01;;517,08 33 01 p. m.
715;08:33:01;;715,08 33 01 p. m.
262;08:33:07;;262,08 33 07 p. m.
613;08:33:30;;613,08 33 30 p. m.
957;08:33:35;;957,08 33 35 p. m.
993;08:33:50;;993,08 33 50 p. m.
36;08:35:02;;36,08 35 02 p. m.
291;08:35:05;;291,08 35 05 p. m.
51;08:35:13;;51,08 35 13 p. m.
595;08:35:26;;595,08 35 26 p. m.
283;08:35:39;;283,08 35 39 p. m.
618;08:35:49;;618,08 35 49 p. m.
51;08:35:56;;51,08 35 56 p. m.
633;08:36:06;;633,08 36 06 p. m.
85;08:36:07;;85,08 36 07 p. m.
343;08:36:07;;343,08 36 07 p. m.
470;08:36:08;;470,08 36 08 p. m.
613;08:36:08;;613,08 36 08 p. m.
51;08:36:08;;51,08 36 08 p. m.
760;08:36:14;;760,08 36 14 p. m.
542;08:36:15;;542,08 36 15 p. m.
51;08:36:16;;51,08 36 16 p. m.
809;08:36:17;;809,08 36 17 p. m.
423;08:36:20;;423,08 36 20 p. m.
51;08:36:28;;51,08 36 28 p. m.
824;08:36:44;;824,08 36 44 p. m.
166;08:36:50;;166,08 36 50 p. m.
636;08:37:00;;636,08 37 00 p. m.
600;08:37:05;;600,08 37 05 p. m.
432;08:37:10;;432,08 37 10 p. m.
566;08:37:18;;566,08 37 18 p. m.
259;08:37:26;;259,08 37 26 p. m.
613;08:37:37;;613,08 37 37 p. m.
285;08:37:54;;285,08 37 54 p. m.
993;08:38:14;;993,08 38 14 p. m.
51;08:38:25;;51,08 38 25 p. m.
166;08:38:35;;166,08 38 35 p. m.
85;08:38:43;;85,08 38 43 p. m.
675;08:38:55;;675,08 38 55 p. m.
51;08:38:57;;51,08 38 57 p. m.
1001;08:39:28;;1001,08 39 28 p. m.
343;08:39:48;;343,08 39 48 p. m.
51;08:40:00;;51,08 40 00 p. m.
947;08:40:05;;947,08 40 05 p. m.
329;08:40:08;;329,08 40 08 p. m.
343;08:40:08;;343,08 40 08 p. m.
83;08:40:15;;83,08 40 15 p. m.
36;08:40:16;;36,08 40 16 p. m.
294;08:40:22;;294,08 40 22 p. m.
47;08:40:26;;47,08 40 26 p. m.
68;08:40:32;;68,08 40 32 p. m.
993;08:40:32;;993,08 40 32 p. m.
438;08:40:45;;438,08 40 45 p. m.
19;08:41:07;;19,08 41 07 p. m.
651;08:41:11;;651,08 41 11 p. m.
416;08:41:14;;416,08 41 14 p. m.
446;08:41:21;;446,08 41 21 p. m.
517;08:41:24;;517,08 41 24 p. m.
596;08:41:32;;596,08 41 32 p. m.
485;08:41:35;;485,08 41 35 p. m.
418;08:41:52;;418,08 41 52 p. m.
51;08:41:54;;51,08 41 54 p. m.
51;08:42:06;;51,08 42 06 p. m.
423;08:42:09;;423,08 42 09 p. m.
69;08:42:08;;69,08 42 08 p. m.
51;08:42:15;;51,08 42 15 p. m.
795;08:42:27;;795,08 42 27 p. m.
51;08:42:27;;51,08 42 27 p. m.
51;08:42:57;;51,08 42 57 p. m.
673;08:43:20;;673,08 43 20 p. m.
51;08:43:21;;51,08 43 21 p. m.
416;08:43:29;;416,08 43 29 p. m.
17;08:43:48;;17,08 43 48 p. m.
832;08:43:49;;832,08 43 49 p. m.
159;08:43:54;;159,08 43 54 p. m.
694;08:43:54;;694,08 43 54 p. m.
90;08:43:55;;90,08 43 55 p. m.
490;08:44:04;;490,08 44 04 p. m.
36;08:44:06;;36,08 44 06 p. m.
436;08:44:07;;436,08 44 07 p. m.
850;08:44:10;;850,08 44 10 p. m.
51;08:44:11;;51,08 44 11 p. m.
957;08:44:08;;957,08 44 08 p. m.
607;08:44:13;;607,08 44 13 p. m.
142;08:44:13;;142,08 44 13 p. m.
837;08:44:27;;837,08 44 27 p. m.
17;08:44:31;;17,08 44 31 p. m.
340;08:44:33;;340,08 44 33 p. m.
51;08:44:34;;51,08 44 34 p. m.
432;08:44:49;;432,08 44 49 p. m.
607;08:44:53;;607,08 44 53 p. m.
401;08:45:08;;401,08 45 08 p. m.
51;08:45:16;;51,08 45 16 p. m.
136;08:45:17;;136,08 45 17 p. m.
136;08:45:26;;136,08 45 26 p. m.
997;08:45:27;;997,08 45 27 p. m.
51;08:45:33;;51,08 45 33 p. m.
142;08:45:48;;142,08 45 48 p. m.
997;08:45:58;;997,08 45 58 p. m.
84;08:46:01;;84,08 46 01 p. m.
116;08:46:16;;116,08 46 16 p. m.
136;08:46:24;;136,08 46 24 p. m.
865;08:46:27;;865,08 46 27 p. m.
897;08:46:32;;897,08 46 32 p. m.
136;08:46:32;;136,08 46 32 p. m.
51;08:46:40;;51,08 46 40 p. m.
51;08:46:44;;51,08 46 44 p. m.
832;08:46:46;;832,08 46 46 p. m.
300;08:47:02;;300,08 47 02 p. m.
982;08:47:11;;982,08 47 11 p. m.
532;08:47:15;;532,08 47 15 p. m.
51;08:47:16;;51,08 47 16 p. m.
844;08:47:39;;844,08 47 39 p. m.
51;08:47:40;;51,08 47 40 p. m.
636;08:47:44;;636,08 47 44 p. m.
636;08:47:49;;636,08 47 49 p. m.
837;08:47:54;;837,08 47 54 p. m.
51;08:47:55;;51,08 47 55 p. m.
800;08:48:07;;800,08 48 07 p. m.
970;08:48:08;;970,08 48 08 p. m.
1000;08:48:24;;1000,08 48 24 p. m.
703;08:48:26;;703,08 48 26 p. m.
51;08:48:34;;51,08 48 34 p. m.
376;08:48:37;;376,08 48 37 p. m.
51;08:48:42;;51,08 48 42 p. m.
51;08:48:43;;51,08 48 43 p. m.
850;08:48:54;;850,08 48 54 p. m.
283;08:49:09;;283,08 49 09 p. m.
897;08:49:13;;897,08 49 13 p. m.
773;08:49:16;;773,08 49 16 p. m.
51;08:49:17;;51,08 49 17 p. m.
725;08:49:18;;725,08 49 18 p. m.
725;08:49:24;;725,08 49 24 p. m.
639;08:49:36;;639,08 49 36 p. m.
92;08:49:52;;92,08 49 52 p. m.
843;08:50:08;;843,08 50 08 p. m.
51;08:50:09;;51,08 50 09 p. m.
446;08:50:25;;446,08 50 25 p. m.
51;08:50:28;;51,08 50 28 p. m.
568;08:50:47;;568,08 50 47 p. m.
146;08:50:51;;146,08 50 51 p. m.
957;08:51:01;;957,08 51 01 p. m.
827;08:51:02;;827,08 51 02 p. m.
574;08:51:11;;574,08 51 11 p. m.
636;08:51:22;;636,08 51 22 p. m.
574;08:51:35;;574,08 51 35 p. m.
208;08:51:35;;208,08 51 35 p. m.
566;08:51:38;;566,08 51 38 p. m.
51;08:51:44;;51,08 51 44 p. m.
51;08:51:46;;51,08 51 46 p. m.
835;08:51:48;;835,08 51 48 p. m.
653;08:51:51;;653,08 51 51 p. m.
51;08:51:52;;51,08 51 52 p. m.
51;08:52:03;;51,08 52 03 p. m.
51;08:52:09;;51,08 52 09 p. m.
574;08:52:48;;574,08 52 48 p. m.
51;08:52:57;;51,08 52 57 p. m.
51;08:52:59;;51,08 52 59 p. m.
595;08:53:07;;595,08 53 07 p. m.
739;08:53:10;;739,08 53 10 p. m.
566;08:53:10;;566,08 53 10 p. m.
542;08:53:16;;542,08 53 16 p. m.
51;08:53:18;;51,08 53 18 p. m.
628;08:53:22;;628,08 53 22 p. m.
501;08:53:29;;501,08 53 29 p. m.
501;08:53:34;;501,08 53 34 p. m.
262;08:53:35;;262,08 53 35 p. m.
51;08:53:39;;51,08 53 39 p. m.
51;08:53:57;;51,08 53 57 p. m.
51;08:54:34;;51,08 54 34 p. m.
84;08:54:45;;84,08 54 45 p. m.
90;08:54:58;;90,08 54 58 p. m.
423;08:54:59;;423,08 54 59 p. m.
613;08:55:05;;613,08 55 05 p. m.
51;08:55:11;;51,08 55 11 p. m.
51;08:55:25;;51,08 55 25 p. m.
942;08:55:26;;942,08 55 26 p. m.
800;08:55:30;;800,08 55 30 p. m.
390;08:55:32;;390,08 55 32 p. m.
891;08:55:33;;891,08 55 33 p. m.
51;08:55:33;;51,08 55 33 p. m.
591;08:55:36;;591,08 55 36 p. m.
446;08:55:38;;446,08 55 38 p. m.
51;08:55:38;;51,08 55 38 p. m.
246;08:55:44;;246,08 55 44 p. m.
401;08:55:45;;401,08 55 45 p. m.
984;08:55:48;;984,08 55 48 p. m.
108;08:55:57;;108,08 55 57 p. m.
113;08:55:59;;113,08 55 59 p. m.
51;08:56:00;;51,08 56 00 p. m.
409;08:56:09;;409,08 56 09 p. m.
469;08:56:18;;469,08 56 18 p. m.
824;08:56:34;;824,08 56 34 p. m.
517;08:56:44;;517,08 56 44 p. m.
35;08:56:45;;35,08 56 45 p. m.
990;08:56:54;;990,08 56 54 p. m.
249;08:57:05;;249,08 57 05 p. m.
116;08:57:19;;116,08 57 19 p. m.
51;08:57:29;;51,08 57 29 p. m.
739;08:57:30;;739,08 57 30 p. m.
438;08:57:40;;438,08 57 40 p. m.
950;08:57:54;;950,08 57 54 p. m.
970;08:58:13;;970,08 58 13 p. m.
17;08:58:27;;17,08 58 27 p. m.
673;08:58:27;;673,08 58 27 p. m.
51;08:58:28;;51,08 58 28 p. m.
849;08:58:33;;849,08 58 33 p. m.
945;08:58:39;;945,08 58 39 p. m.
51;08:58:39;;51,08 58 39 p. m.
196;08:00:05;;196,08 00 05 p. m.
196;08:00:08;;196,08 00 08 p. m.
959;08:00:11;;959,08 00 11 p. m.
088;08:00:08;;088,08 00 08 p. m.
088;08:00:13;;088,08 00 13 p. m.
485;08:00:19;;485,08 00 19 p. m.
166;08:00:20;;166,08 00 20 p. m.
569;08:00:24;;569,08 00 24 p. m.
890;08:00:25;;890,08 00 25 p. m.
936;08:00:32;;936,08 00 32 p. m.
333;08:00:35;;333,08 00 35 p. m.
539;08:00:47;;539,08 00 47 p. m.
227;08:00:48;;227,08 00 48 p. m.
981;08:00:51;;981,08 00 51 p. m.
935;08:00:52;;935,08 00 52 p. m.
832;08:00:58;;832,08 00 58 p. m.
794;08:01:01;;794,08 01 01 p. m.
601;08:01:05;;601,08 01 05 p. m.
462;08:01:08;;462,08 01 08 p. m.
136;08:01:08;;136,08 01 08 p. m.
443;08:01:17;;443,08 01 17 p. m.
810;08:01:20;;810,08 01 20 p. m.
481;08:01:20;;481,08 01 20 p. m.
766;08:01:22;;766,08 01 22 p. m.
35;08:01:24;;35,08 01 24 p. m.
957;08:01:31;;957,08 01 31 p. m.
705;08:01:42;;705,08 01 42 p. m.
116;08:01:50;;116,08 01 50 p. m.
17;08:02:08;;17,08 02 08 p. m.
980;08:02:18;;980,08 02 18 p. m.
343;08:02:33;;343,08 02 33 p. m.
136;08:02:35;;136,08 02 35 p. m.
877;08:02:46;;877,08 02 46 p. m.
246;08:03:01;;246,08 03 01 p. m.
382;08:03:01;;382,08 03 01 p. m.
722;08:03:09;;722,08 03 09 p. m.
333;08:03:11;;333,08 03 11 p. m.
714;08:03:13;;714,08 03 13 p. m.
980;08:03:15;;980,08 03 15 p. m.
303;08:03:35;;303,08 03 35 p. m.
354;08:03:41;;354,08 03 41 p. m.
685;08:03:50;;685,08 03 50 p. m.
105;08:03:56;;105,08 03 56 p. m.
993;08:04:10;;993,08 04 10 p. m.
136;08:04:32;;136,08 04 32 p. m.
685;08:04:39;;685,08 04 39 p. m.
217;08:04:43;;217,08 04 43 p. m.
287;08:04:44;;287,08 04 44 p. m.
136;08:04:44;;136,08 04 44 p. m.
579;08:04:48;;579,08 04 48 p. m.
39;08:04:56;;39,08 04 56 p. m.
343;08:05:05;;343,08 05 05 p. m.
343;08:05:06;;343,08 05 06 p. m.
308;08:05:07;;308,08 05 07 p. m.
1010;08:05:10;;1010,08 05 10 p. m.
753;08:05:24;;753,08 05 24 p. m.
579;08:05:25;;579,08 05 25 p. m.
68;08:05:27;;68,08 05 27 p. m.
579;08:05:38;;579,08 05 38 p. m.
568;08:05:39;;568,08 05 39 p. m.
734;08:05:41;;734,08 05 41 p. m.
382;08:05:42;;382,08 05 42 p. m.
136;08:05:47;;136,08 05 47 p. m.
136;08:06:17;;136,08 06 17 p. m.
591;08:06:22;;591,08 06 22 p. m.
231;08:06:30;;231,08 06 30 p. m.
87;08:06:36;;87,08 06 36 p. m.
150;08:06:38;;150,08 06 38 p. m.
469;08:06:38;;469,08 06 38 p. m.
330;08:06:40;;330,08 06 40 p. m.
597;08:06:50;;597,08 06 50 p. m.
746;08:06:54;;746,08 06 54 p. m.
136;08:06:54;;136,08 06 54 p. m.
542;08:07:01;;542,08 07 01 p. m.
1004;08:07:05;;1004,08 07 05 p. m.
936;08:07:16;;936,08 07 16 p. m.
794;08:07:24;;794,08 07 24 p. m.
161;08:07:24;;161,08 07 24 p. m.
633;08:07:31;;633,08 07 31 p. m.
766;08:08:25;;766,08 08 25 p. m.
161;08:08:26;;161,08 08 26 p. m.
354;08:08:45;;354,08 08 45 p. m.
136;08:09:19;;136,08 09 19 p. m.
829;08:09:25;;829,08 09 25 p. m.
139;08:09:37;;139,08 09 37 p. m.
105;08:10:02;;105,08 10 02 p. m.
185;08:10:13;;185,08 10 13 p. m.
944;08:10:14;;944,08 10 14 p. m.
100;08:10:26;;100,08 10 26 p. m.
33;08:10:29;;33,08 10 29 p. m.
764;08:10:32;;764,08 10 32 p. m.
952;08:11:01;;952,08 11 01 p. m.
1000;08:11:16;;1000,08 11 16 p. m.
580;08:11:17;;580,08 11 17 p. m.
832;08:11:18;;832,08 11 18 p. m.
58;08:11:27;;58,08 11 27 p. m.
714;08:11:41;;714,08 11 41 p. m.
431;08:11:46;;431,08 11 46 p. m.
970;08:11:51;;970,08 11 51 p. m.
639;08:11:56;;639,08 11 56 p. m.
835;08:11:57;;835,08 11 57 p. m.
810;08:08:08;;810,08 08 08 p. m.
159;08:08:16;;159,08 08 16 p. m.
136;08:08:38;;136,08 08 38 p. m.
27;08:08:40;;27,08 08 40 p. m.
890;08:08:45;;890,08 08 45 p. m.
87;08:08:50;;87,08 08 50 p. m.
162;08:13:00;;162,08 13 00 p. m.
908;08:13:19;;908,08 13 19 p. m.
714;08:13:22;;714,08 13 22 p. m.
462;08:13:24;;462,08 13 24 p. m.
850;08:13:26;;850,08 13 26 p. m.
161;08:13:48;;161,08 13 48 p. m.
116;08:13:54;;116,08 13 54 p. m.
343;08:13:58;;343,08 13 58 p. m.
343;08:14:00;;343,08 14 00 p. m.
136;08:14:20;;136,08 14 20 p. m.
957;08:14:37;;957,08 14 37 p. m.
722;08:14:55;;722,08 14 55 p. m.
907;08:15:04;;907,08 15 04 p. m.
269;08:15:17;;269,08 15 17 p. m.
755;08:15:25;;755,08 15 25 p. m.
993;08:15:39;;993,08 15 39 p. m.
944;08:15:49;;944,08 15 49 p. m.
97;08:16:20;;97,08 16 20 p. m.
531;08:16:39;;531,08 16 39 p. m.
542;08:16:47;;542,08 16 47 p. m.
446;08:17:00;;446,08 17 00 p. m.
879;08:17:03;;879,08 17 03 p. m.
832;08:17:14;;832,08 17 14 p. m.
262;08:17:14;;262,08 17 14 p. m.
139;08:17:26;;139,08 17 26 p. m.
764;08:17:44;;764,08 17 44 p. m.
651;08:17:56;;651,08 17 56 p. m.
371;08:18:05;;371,08 18 05 p. m.
136;08:18:09;;136,08 18 09 p. m.
182;08:18:10;;182,08 18 10 p. m.
718;08:18:16;;718,08 18 16 p. m.
329;08:18:18;;329,08 18 18 p. m.
764;08:18:35;;764,08 18 35 p. m.
409;08:18:39;;409,08 18 39 p. m.
877;08:18:51;;877,08 18 51 p. m.
981;08:18:55;;981,08 18 55 p. m.
823;08:19:02;;823,08 19 02 p. m.
531;08:19:10;;531,08 19 10 p. m.
166;08:19:24;;166,08 19 24 p. m.
573;08:19:34;;573,08 19 34 p. m.
301;08:19:44;;301,08 19 44 p. m.
413;08:19:44;;413,08 19 44 p. m.
1004;08:19:51;;1004,08 19 51 p. m.
899;08:19:59;;899,08 19 59 p. m.
17;08:20:02;;17,08 20 02 p. m.
432;08:20:04;;432,08 20 04 p. m.
102;08:20:10;;102,08 20 10 p. m.
94;08:20:23;;94,08 20 23 p. m.
639;08:20:25;;639,08 20 25 p. m.
088;08:20:40;;088,08 20 40 p. m.
982;08:20:43;;982,08 20 43 p. m.
87;08:20:54;;87,08 20 54 p. m.
58;08:21:06;;58,08 21 06 p. m.
574;08:21:23;;574,08 21 23 p. m.
470;08:21:37;;470,08 21 37 p. m.
950;08:21:55;;950,08 21 55 p. m.
329;08:22:17;;329,08 22 17 p. m.
755;08:22:38;;755,08 22 38 p. m.
832;08:22:40;;832,08 22 40 p. m.
404;08:22:47;;404,08 22 47 p. m.
409;08:23:04;;409,08 23 04 p. m.
139;08:23:19;;139,08 23 19 p. m.
501;08:23:20;;501,08 23 20 p. m.
579;08:23:35;;579,08 23 35 p. m.
97;08:23:41;;97,08 23 41 p. m.
343;08:23:50;;343,08 23 50 p. m.
599;08:23:59;;599,08 23 59 p. m.
759;08:24:19;;759,08 24 19 p. m.
890;08:24:19;;890,08 24 19 p. m.
516;08:25:11;;516,08 25 11 p. m.
936;08:25:31;;936,08 25 31 p. m.
664;08:25:36;;664,08 25 36 p. m.
446;08:25:56;;446,08 25 56 p. m.
446;08:26:19;;446,08 26 19 p. m.
810;08:26:20;;810,08 26 20 p. m.
157;08:26:26;;157,08 26 26 p. m.
25;08:26:46;;25,08 26 46 p. m.
907;08:27:08;;907,08 27 08 p. m.
719;08:27:21;;719,08 27 21 p. m.
115;08:27:51;;115,08 27 51 p. m.
611;08:27:53;;611,08 27 53 p. m.
136;08:28:08;;136,08 28 08 p. m.
671;08:28:25;;671,08 28 25 p. m.
269;08:28:29;;269,08 28 29 p. m.
542;08:28:39;;542,08 28 39 p. m.
574;08:28:44;;574,08 28 44 p. m.
653;08:28:49;;653,08 28 49 p. m.
759;08:29:02;;759,08 29 02 p. m.
1010;08:29:23;;1010,08 29 23 p. m.
458;08:29:24;;458,08 29 24 p. m.
566;08:29:42;;566,08 29 42 p. m.
1000;08:29:52;;1000,08 29 52 p. m.
899;08:30:03;;899,08 30 03 p. m.
924;08:30:13;;924,08 30 13 p. m.
653;08:30:17;;653,08 30 17 p. m.
959;08:30:33;;959,08 30 33 p. m.
544;08:30:34;;544,08 30 34 p. m.
453;08:30:52;;453,08 30 52 p. m.
542;08:30:57;;542,08 30 57 p. m.
569;08:30:59;;569,08 30 59 p. m.
685;08:31:03;;685,08 31 03 p. m.
643;08:31:07;;643,08 31 07 p. m.
152;08:31:11;;152,08 31 11 p. m.
936;08:31:11;;936,08 31 11 p. m.
157;08:31:14;;157,08 31 14 p. m.
855;08:31:17;;855,08 31 17 p. m.
832;08:31:36;;832,08 31 36 p. m.
722;08:31:40;;722,08 31 40 p. m.
275;08:31:48;;275,08 31 48 p. m.
100;08:31:52;;100,08 31 52 p. m.
685;08:31:57;;685,08 31 57 p. m.
136;08:32:02;;136,08 32 02 p. m.
705;08:32:11;;705,08 32 11 p. m.
83;08:32:27;;83,08 32 27 p. m.
580;08:32:29;;580,08 32 29 p. m.
574;08:32:37;;574,08 32 37 p. m.
633;08:32:44;;633,08 32 44 p. m.
462;08:32:51;;462,08 32 51 p. m.
966;08:32:57;;966,08 32 57 p. m.
166;08:33:03;;166,08 33 03 p. m.
152;08:33:05;;152,08 33 05 p. m.
705;08:33:33;;705,08 33 33 p. m.
970;08:33:49;;970,08 33 49 p. m.
490;08:33:55;;490,08 33 55 p. m.
759;08:34:03;;759,08 34 03 p. m.
685;08:34:11;;685,08 34 11 p. m.
559;08:34:35;;559,08 34 35 p. m.
470;08:35:33;;470,08 35 33 p. m.
718;08:35:44;;718,08 35 44 p. m.
51;08:35:46;;51,08 35 46 p. m.
136;08:35:46;;136,08 35 46 p. m.
105;08:35:47;;105,08 35 47 p. m.
51;08:35:50;;51,08 35 50 p. m.
453;08:35:51;;453,08 35 51 p. m.
51;08:35:59;;51,08 35 59 p. m.
945;08:36:00;;945,08 36 00 p. m.
304;08:36:11;;304,08 36 11 p. m.
715;08:36:15;;715,08 36 15 p. m.
231;08:36:24;;231,08 36 24 p. m.
544;08:36:33;;544,08 36 33 p. m.
591;08:36:40;;591,08 36 40 p. m.
1000;08:36:46;;1000,08 36 46 p. m.
446;08:36:52;;446,08 36 52 p. m.
231;08:36:55;;231,08 36 55 p. m.
715;08:37:27;;715,08 37 27 p. m.
51;08:37:40;;51,08 37 40 p. m.
51;08:37:40;;51,08 37 40 p. m.
520;08:37:46;;520,08 37 46 p. m.
136;08:37:46;;136,08 37 46 p. m.
102;08:37:55;;102,08 37 55 p. m.
264;08:38:02;;264,08 38 02 p. m.
490;08:38:08;;490,08 38 08 p. m.
150;08:38:10;;150,08 38 10 p. m.
734;08:38:13;;734,08 38 13 p. m.
715;08:38:36;;715,08 38 36 p. m.
32;08:38:37;;32,08 38 37 p. m.
705;08:38:44;;705,08 38 44 p. m.
832;08:38:50;;832,08 38 50 p. m.
714;08:38:59;;714,08 38 59 p. m.
343;08:39:05;;343,08 39 05 p. m.
343;08:39:07;;343,08 39 07 p. m.
568;08:39:13;;568,08 39 13 p. m.
161;08:39:20;;161,08 39 20 p. m.
835;08:39:21;;835,08 39 21 p. m.
610;08:39:36;;610,08 39 36 p. m.
343;08:39:43;;343,08 39 43 p. m.
227;08:39:44;;227,08 39 44 p. m.
78;08:39:45;;78,08 39 45 p. m.
51;08:39:58;;51,08 39 58 p. m.
213;08:40:04;;213,08 40 04 p. m.
637;08:40:04;;637,08 40 04 p. m.
941;08:40:04;;941,08 40 04 p. m.
51;08:40:05;;51,08 40 05 p. m.
363;08:40:08;;363,08 40 08 p. m.
591;08:40:08;;591,08 40 08 p. m.
343;08:40:14;;343,08 40 14 p. m.
823;08:40:22;;823,08 40 22 p. m.
633;08:40:30;;633,08 40 30 p. m.
208;08:40:35;;208,08 40 35 p. m.
936;08:40:45;;936,08 40 45 p. m.
231;08:40:48;;231,08 40 48 p. m.
51;08:40:51;;51,08 40 51 p. m.
343;08:40:56;;343,08 40 56 p. m.
51;08:41:00;;51,08 41 00 p. m.
136;08:41:05;;136,08 41 05 p. m.
246;08:41:16;;246,08 41 16 p. m.
446;08:41:32;;446,08 41 32 p. m.
952;08:41:35;;952,08 41 35 p. m.
231;08:41:51;;231,08 41 51 p. m.
542;08:41:57;;542,08 41 57 p. m.
1000;08:41:59;;1000,08 41 59 p. m.
936;08:42:05;;936,08 42 05 p. m.
329;08:42:08;;329,08 42 08 p. m.
542;08:42:08;;542,08 42 08 p. m.
35;08:42:17;;35,08 42 17 p. m.
664;08:42:19;;664,08 42 19 p. m.
861;08:42:23;;861,08 42 23 p. m.
51;08:42:29;;51,08 42 29 p. m.
115;08:42:33;;115,08 42 33 p. m.
481;08:42:34;;481,08 42 34 p. m.
51;08:42:35;;51,08 42 35 p. m.
51;08:42:46;;51,08 42 46 p. m.
83;08:42:50;;83,08 42 50 p. m.
755;08:42:50;;755,08 42 50 p. m.
275;08:42:55;;275,08 42 55 p. m.
485;08:42:56;;485,08 42 56 p. m.
83;08:42:58;;83,08 42 58 p. m.
908;08:43:08;;908,08 43 08 p. m.
531;08:43:16;;531,08 43 16 p. m.
409;08:43:24;;409,08 43 24 p. m.
51;08:43:31;;51,08 43 31 p. m.
520;08:43:50;;520,08 43 50 p. m.
217;08:43:55;;217,08 43 55 p. m.
643;08:44:04;;643,08 44 04 p. m.
13;08:44:06;;13,08 44 06 p. m.
664;08:44:13;;664,08 44 13 p. m.
516;08:44:14;;516,08 44 14 p. m.
764;08:44:43;;764,08 44 43 p. m.
227;08:44:49;;227,08 44 49 p. m.
432;08:44:53;;432,08 44 53 p. m.
794;08:45:10;;794,08 45 10 p. m.
705;08:45:20;;705,08 45 20 p. m.
83;08:45:23;;83,08 45 23 p. m.
363;08:45:37;;363,08 45 37 p. m.
950;08:45:41;;950,08 45 41 p. m.
633;08:45:49;;633,08 45 49 p. m.
566;08:45:49;;566,08 45 49 p. m.
201;08:45:50;;201,08 45 50 p. m.
639;08:45:51;;639,08 45 51 p. m.
446;08:45:55;;446,08 45 55 p. m.
136;08:45:55;;136,08 45 55 p. m.
794;08:45:56;;794,08 45 56 p. m.
1004;08:45:58;;1004,08 45 58 p. m.
78;08:46:08;;78,08 46 08 p. m.
315;08:46:16;;315,08 46 16 p. m.
893;08:46:20;;893,08 46 20 p. m.
330;08:46:30;;330,08 46 30 p. m.
94;08:46:31;;94,08 46 31 p. m.
51;08:46:31;;51,08 46 31 p. m.
1000;08:46:35;;1000,08 46 35 p. m.
51;08:46:36;;51,08 46 36 p. m.
130;08:46:40;;130,08 46 40 p. m.
432;08:46:53;;432,08 46 53 p. m.
51;08:47:04;;51,08 47 04 p. m.
552;08:47:11;;552,08 47 11 p. m.
685;08:47:16;;685,08 47 16 p. m.
795;08:47:28;;795,08 47 28 p. m.
64;08:47:40;;64,08 47 40 p. m.
579;08:47:43;;579,08 47 43 p. m.
262;08:47:46;;262,08 47 46 p. m.
579;08:47:47;;579,08 47 47 p. m.
746;08:47:55;;746,08 47 55 p. m.
210;08:47:59;;210,08 47 59 p. m.
231;08:48:00;;231,08 48 00 p. m.
705;08:48:03;;705,08 48 03 p. m.
159;08:48:10;;159,08 48 10 p. m.
262;08:48:08;;262,08 48 08 p. m.
816;08:48:14;;816,08 48 14 p. m.
343;08:48:16;;343,08 48 16 p. m.
877;08:48:23;;877,08 48 23 p. m.
520;08:48:26;;520,08 48 26 p. m.
340;08:48:31;;340,08 48 31 p. m.
404;08:48:34;;404,08 48 34 p. m.
539;08:48:55;;539,08 48 55 p. m.
382;08:48:58;;382,08 48 58 p. m.
159;08:49:06;;159,08 49 06 p. m.
490;08:49:09;;490,08 49 09 p. m.
891;08:49:13;;891,08 49 13 p. m.
458;08:49:18;;458,08 49 18 p. m.
453;08:49:23;;453,08 49 23 p. m.
485;08:49:35;;485,08 49 35 p. m.
166;08:49:54;;166,08 49 54 p. m.
222;08:50:07;;222,08 50 07 p. m.
490;08:50:21;;490,08 50 21 p. m.
51;08:50:21;;51,08 50 21 p. m.
393;08:50:25;;393,08 50 25 p. m.
1010;08:51:08;;1010,08 51 08 p. m.
136;08:51:09;;136,08 51 09 p. m.
51;08:51:15;;51,08 51 15 p. m.
136;08:51:32;;136,08 51 32 p. m.
1003;08:51:35;;1003,08 51 35 p. m.
51;08:51:37;;51,08 51 37 p. m.
382;08:51:38;;382,08 51 38 p. m.
520;08:51:39;;520,08 51 39 p. m.
246;08:51:58;;246,08 51 58 p. m.
231;08:52:13;;231,08 52 13 p. m.
97;08:52:15;;97,08 52 15 p. m.
51;08:52:32;;51,08 52 32 p. m.
556;08:52:33;;556,08 52 33 p. m.
68;08:52:52;;68,08 52 52 p. m.
343;08:52:57;;343,08 52 57 p. m.
25;08:53:05;;25,08 53 05 p. m.
664;08:53:09;;664,08 53 09 p. m.
893;08:53:19;;893,08 53 19 p. m.
485;08:53:25;;485,08 53 25 p. m.
890;08:53:36;;890,08 53 36 p. m.
810;08:53:43;;810,08 53 43 p. m.
556;08:53:58;;556,08 53 58 p. m.
51;08:54:05;;51,08 54 05 p. m.
462;08:54:15;;462,08 54 15 p. m.
591;08:54:15;;591,08 54 15 p. m.
94;08:54:22;;94,08 54 22 p. m.
332;08:54:31;;332,08 54 31 p. m.
621;08:54:34;;621,08 54 34 p. m.
154;08:55:01;;154,08 55 01 p. m.
462;08:55:03;;462,08 55 03 p. m.
36;08:55:06;;36,08 55 06 p. m.
970;08:55:11;;970,08 55 11 p. m.
208;08:55:08;;208,08 55 08 p. m.
1003;08:55:08;;1003,08 55 08 p. m.
809;08:55:15;;809,08 55 15 p. m.
759;08:55:24;;759,08 55 24 p. m.
980;08:55:33;;980,08 55 33 p. m.
22;08:55:43;;22,08 55 43 p. m.
945;08:55:47;;945,08 55 47 p. m.
436;08:55:58;;436,08 55 58 p. m.
539;08:56:01;;539,08 56 01 p. m.
457;08:56:06;;457,08 56 06 p. m.
469;08:56:18;;469,08 56 18 p. m.
544;08:56:20;;544,08 56 20 p. m.
462;08:56:27;;462,08 56 27 p. m.
51;08:56:44;;51,08 56 44 p. m.
957;08:56:47;;957,08 56 47 p. m.
552;08:56:56;;552,08 56 56 p. m.
51;08:57:33;;51,08 57 33 p. m.
794;08:57:53;;794,08 57 53 p. m.
597;08:57:54;;597,08 57 54 p. m.
401;08:58:01;;401,08 58 01 p. m.
632;08:58:01;;632,08 58 01 p. m.
41;08:58:02;;41,08 58 02 p. m.
611;08:58:03;;611,08 58 03 p. m.
105;08:58:04;;105,08 58 04 p. m.
51;08:58:14;;51,08 58 14 p. m.
161;08:58:16;;161,08 58 16 p. m.
154;08:58:39;;154,08 58 39 p. m.
87;08:58:40;;87,08 58 40 p. m.
835;08:58:55;;835,08 58 55 p. m.
304;08:00:17;;304,08 00 17 p. m.
718;08:00:55;;718,08 00 55 p. m.
218;08:01:00;;218,08 01 00 p. m.
850;08:01:02;;850,08 01 02 p. m.
8;08:01:06;;8,08 01 06 p. m.
639;08:01:06;;639,08 01 06 p. m.
887;08:01:20;;887,08 01 20 p. m.
837;08:01:33;;837,08 01 33 p. m.
501;08:01:33;;501,08 01 33 p. m.
327;08:01:39;;327,08 01 39 p. m.
557;08:01:54;;557,08 01 54 p. m.
943;08:01:57;;943,08 01 57 p. m.
1003;08:02:09;;1003,08 02 09 p. m.
821;08:02:10;;821,08 02 10 p. m.
363;08:02:11;;363,08 02 11 p. m.
707;08:02:18;;707,08 02 18 p. m.
154;08:02:21;;154,08 02 21 p. m.
808;08:02:40;;808,08 02 40 p. m.
1004;08:02:45;;1004,08 02 45 p. m.
970;08:02:49;;970,08 02 49 p. m.
625;08:02:57;;625,08 02 57 p. m.
089;08:03:34;;089,08 03 34 p. m.
932;08:03:56;;932,08 03 56 p. m.
874;08:03:57;;874,08 03 57 p. m.
917;08:04:08;;917,08 04 08 p. m.
718;08:04:09;;718,08 04 09 p. m.
145;08:04:10;;145,08 04 10 p. m.
778;08:04:34;;778,08 04 34 p. m.
115;08:04:34;;115,08 04 34 p. m.
274;08:04:43;;274,08 04 43 p. m.
797;08:04:45;;797,08 04 45 p. m.
970;08:04:45;;970,08 04 45 p. m.
100;08:04:46;;100,08 04 46 p. m.
283;08:04:58;;283,08 04 58 p. m.
142;08:05:14;;142,08 05 14 p. m.
835;08:05:19;;835,08 05 19 p. m.
231;08:05:33;;231,08 05 33 p. m.
462;08:05:41;;462,08 05 41 p. m.
734;08:06:06;;734,08 06 06 p. m.
794;08:06:08;;794,08 06 08 p. m.
552;08:06:19;;552,08 06 19 p. m.
453;08:06:20;;453,08 06 20 p. m.
837;08:06:25;;837,08 06 25 p. m.
559;08:06:27;;559,08 06 27 p. m.
142;08:06:31;;142,08 06 31 p. m.
469;08:06:38;;469,08 06 38 p. m.
401;08:06:43;;401,08 06 43 p. m.
777;08:06:45;;777,08 06 45 p. m.
136;08:06:49;;136,08 06 49 p. m.
304;08:07:05;;304,08 07 05 p. m.
340;08:07:05;;340,08 07 05 p. m.
557;08:07:13;;557,08 07 13 p. m.
416;08:07:14;;416,08 07 14 p. m.
636;08:07:19;;636,08 07 19 p. m.
868;08:07:27;;868,08 07 27 p. m.
79;08:07:37;;79,08 07 37 p. m.
636;08:07:39;;636,08 07 39 p. m.
17;08:07:45;;17,08 07 45 p. m.
303;08:07:54;;303,08 07 54 p. m.
619;08:08:06;;619,08 08 06 p. m.
436;08:08:07;;436,08 08 07 p. m.
725;08:08:26;;725,08 08 26 p. m.
92;08:08:30;;92,08 08 30 p. m.
571;08:08:33;;571,08 08 33 p. m.
136;08:08:47;;136,08 08 47 p. m.
1004;08:08:51;;1004,08 08 51 p. m.
416;08:09:20;;416,08 09 20 p. m.
829;08:09:24;;829,08 09 24 p. m.
574;08:09:40;;574,08 09 40 p. m.
808;08:09:52;;808,08 09 52 p. m.
718;08:09:54;;718,08 09 54 p. m.
998;08:10:08;;998,08 10 08 p. m.
542;08:10:18;;542,08 10 18 p. m.
992;08:10:20;;992,08 10 20 p. m.
891;08:10:33;;891,08 10 33 p. m.
600;08:10:43;;600,08 10 43 p. m.
327;08:10:43;;327,08 10 43 p. m.
218;08:10:46;;218,08 10 46 p. m.
957;08:10:59;;957,08 10 59 p. m.
574;08:11:20;;574,08 11 20 p. m.
185;08:11:30;;185,08 11 30 p. m.
957;08:11:38;;957,08 11 38 p. m.
431;08:11:46;;431,08 11 46 p. m.
625;08:11:52;;625,08 11 52 p. m.
725;08:08:35;;725,08 08 35 p. m.
707;08:08:38;;707,08 08 38 p. m.
250;08:08:42;;250,08 08 42 p. m.
534;08:08:59;;534,08 08 59 p. m.
371;08:13:03;;371,08 13 03 p. m.
943;08:13:21;;943,08 13 21 p. m.
970;08:13:31;;970,08 13 31 p. m.
136;08:13:38;;136,08 13 38 p. m.
671;08:13:42;;671,08 13 42 p. m.
967;08:13:46;;967,08 13 46 p. m.
465;08:13:55;;465,08 13 55 p. m.
672;08:14:08;;672,08 14 08 p. m.
453;08:14:08;;453,08 14 08 p. m.
350;08:14:16;;350,08 14 16 p. m.
837;08:14:21;;837,08 14 21 p. m.
718;08:14:25;;718,08 14 25 p. m.
436;08:14:51;;436,08 14 51 p. m.
166;08:14:52;;166,08 14 52 p. m.
1004;08:15:03;;1004,08 15 03 p. m.
43;08:15:23;;43,08 15 23 p. m.
136;08:15:24;;136,08 15 24 p. m.
542;08:15:38;;542,08 15 38 p. m.
275;08:15:44;;275,08 15 44 p. m.
352;08:15:52;;352,08 15 52 p. m.
921;08:15:55;;921,08 15 55 p. m.
625;08:15:56;;625,08 15 56 p. m.
343;08:16:09;;343,08 16 09 p. m.
154;08:16:20;;154,08 16 20 p. m.
259;08:16:23;;259,08 16 23 p. m.
99;08:16:25;;99,08 16 25 p. m.
343;08:16:29;;343,08 16 29 p. m.
613;08:16:30;;613,08 16 30 p. m.
540;08:16:37;;540,08 16 37 p. m.
446;08:16:39;;446,08 16 39 p. m.
31;08:16:56;;31,08 16 56 p. m.
41;08:16:57;;41,08 16 57 p. m.
970;08:17:08;;970,08 17 08 p. m.
926;08:17:48;;926,08 17 48 p. m.
998;08:17:56;;998,08 17 56 p. m.
566;08:18:00;;566,08 18 00 p. m.
159;08:18:07;;159,08 18 07 p. m.
594;08:18:14;;594,08 18 14 p. m.
541;08:18:15;;541,08 18 15 p. m.
136;08:18:15;;136,08 18 15 p. m.
566;08:18:18;;566,08 18 18 p. m.
707;08:18:20;;707,08 18 20 p. m.
92;08:18:23;;92,08 18 23 p. m.
943;08:18:28;;943,08 18 28 p. m.
231;08:18:31;;231,08 18 31 p. m.
707;08:18:32;;707,08 18 32 p. m.
810;08:18:33;;810,08 18 33 p. m.
874;08:18:35;;874,08 18 35 p. m.
87;08:18:40;;87,08 18 40 p. m.
633;08:18:42;;633,08 18 42 p. m.
404;08:18:55;;404,08 18 55 p. m.
574;08:19:05;;574,08 19 05 p. m.
707;08:19:11;;707,08 19 11 p. m.
343;08:19:14;;343,08 19 14 p. m.
401;08:19:25;;401,08 19 25 p. m.
166;08:19:36;;166,08 19 36 p. m.
718;08:20:41;;718,08 20 41 p. m.
136;08:20:46;;136,08 20 46 p. m.
886;08:20:50;;886,08 20 50 p. m.
725;08:20:51;;725,08 20 51 p. m.
462;08:20:54;;462,08 20 54 p. m.
462;08:21:14;;462,08 21 14 p. m.
35;08:21:16;;35,08 21 16 p. m.
734;08:21:25;;734,08 21 25 p. m.
436;08:21:28;;436,08 21 28 p. m.
77;08:21:29;;77,08 21 29 p. m.
816;08:21:47;;816,08 21 47 p. m.
959;08:21:48;;959,08 21 48 p. m.
861;08:21:56;;861,08 21 56 p. m.
990;08:22:03;;990,08 22 03 p. m.
944;08:22:14;;944,08 22 14 p. m.
636;08:22:42;;636,08 22 42 p. m.
992;08:22:46;;992,08 22 46 p. m.
436;08:22:47;;436,08 22 47 p. m.
675;08:22:58;;675,08 22 58 p. m.
404;08:23:00;;404,08 23 00 p. m.
967;08:23:03;;967,08 23 03 p. m.
722;08:23:09;;722,08 23 09 p. m.
633;08:23:15;;633,08 23 15 p. m.
1004;08:23:26;;1004,08 23 26 p. m.
407;08:23:50;;407,08 23 50 p. m.
552;08:23:53;;552,08 23 53 p. m.
199;08:24:11;;199,08 24 11 p. m.
35;08:24:18;;35,08 24 18 p. m.
718;08:24:27;;718,08 24 27 p. m.
142;08:24:49;;142,08 24 49 p. m.
891;08:25:05;;891,08 25 05 p. m.
136;08:25:10;;136,08 25 10 p. m.
184;08:25:38;;184,08 25 38 p. m.
162;08:25:47;;162,08 25 47 p. m.
919;08:26:10;;919,08 26 10 p. m.
166;08:26:17;;166,08 26 17 p. m.
402;08:26:21;;402,08 26 21 p. m.
516;08:26:34;;516,08 26 34 p. m.
343;08:26:37;;343,08 26 37 p. m.
242;08:26:39;;242,08 26 39 p. m.
921;08:27:08;;921,08 27 08 p. m.
089;08:27:43;;089,08 27 43 p. m.
136;08:27:50;;136,08 27 50 p. m.
436;08:28:10;;436,08 28 10 p. m.
231;08:28:11;;231,08 28 11 p. m.
556;08:28:08;;556,08 28 08 p. m.
598;08:28:27;;598,08 28 27 p. m.
78;08:28:28;;78,08 28 28 p. m.
886;08:28:37;;886,08 28 37 p. m.
532;08:28:46;;532,08 28 46 p. m.
540;08:28:48;;540,08 28 48 p. m.
937;08:28:56;;937,08 28 56 p. m.
136;08:28:57;;136,08 28 57 p. m.
619;08:28:59;;619,08 28 59 p. m.
837;08:29:06;;837,08 29 06 p. m.
965;08:29:07;;965,08 29 07 p. m.
722;08:29:13;;722,08 29 13 p. m.
343;08:29:13;;343,08 29 13 p. m.
608;08:29:44;;608,08 29 44 p. m.
552;08:30:07;;552,08 30 07 p. m.
636;08:30:19;;636,08 30 19 p. m.
159;08:30:21;;159,08 30 21 p. m.
99;08:30:32;;99,08 30 32 p. m.
794;08:30:37;;794,08 30 37 p. m.
501;08:30:41;;501,08 30 41 p. m.
816;08:30:52;;816,08 30 52 p. m.
382;08:30:56;;382,08 30 56 p. m.
343;08:31:02;;343,08 31 02 p. m.
998;08:31:14;;998,08 31 14 p. m.
436;08:31:24;;436,08 31 24 p. m.
917;08:31:35;;917,08 31 35 p. m.
199;08:31:45;;199,08 31 45 p. m.
671;08:31:46;;671,08 31 46 p. m.
808;08:31:46;;808,08 31 46 p. m.
837;08:31:49;;837,08 31 49 p. m.
300;08:32:29;;300,08 32 29 p. m.
753;08:32:41;;753,08 32 41 p. m.
142;08:32:58;;142,08 32 58 p. m.
990;08:33:04;;990,08 33 04 p. m.
136;08:33:11;;136,08 33 11 p. m.
161;08:33:15;;161,08 33 15 p. m.
352;08:33:16;;352,08 33 16 p. m.
618;08:33:36;;618,08 33 36 p. m.
154;08:33:39;;154,08 33 39 p. m.
136;08:33:47;;136,08 33 47 p. m.
416;08:33:49;;416,08 33 49 p. m.
943;08:33:51;;943,08 33 51 p. m.
552;08:33:56;;552,08 33 56 p. m.
407;08:33:58;;407,08 33 58 p. m.
639;08:34:08;;639,08 34 08 p. m.
620;08:34:21;;620,08 34 21 p. m.
926;08:34:34;;926,08 34 34 p. m.
613;08:34:34;;613,08 34 34 p. m.
467;08:34:40;;467,08 34 40 p. m.
78;08:34:47;;78,08 34 47 p. m.
51;08:34:48;;51,08 34 48 p. m.
982;08:34:51;;982,08 34 51 p. m.
725;08:34:54;;725,08 34 54 p. m.
886;08:35:16;;886,08 35 16 p. m.
51;08:35:21;;51,08 35 21 p. m.
136;08:35:21;;136,08 35 21 p. m.
47;08:35:24;;47,08 35 24 p. m.
154;08:35:27;;154,08 35 27 p. m.
943;08:35:33;;943,08 35 33 p. m.
51;08:35:34;;51,08 35 34 p. m.
636;08:35:37;;636,08 35 37 p. m.
934;08:35:40;;934,08 35 40 p. m.
618;08:35:42;;618,08 35 42 p. m.
662;08:35:44;;662,08 35 44 p. m.
613;08:35:49;;613,08 35 49 p. m.
51;08:35:50;;51,08 35 50 p. m.
937;08:35:53;;937,08 35 53 p. m.
51;08:35:55;;51,08 35 55 p. m.
574;08:36:01;;574,08 36 01 p. m.
51;08:36:09;;51,08 36 09 p. m.
619;08:36:14;;619,08 36 14 p. m.
51;08:36:14;;51,08 36 14 p. m.
594;08:36:36;;594,08 36 36 p. m.
51;08:36:49;;51,08 36 49 p. m.
136;08:36:49;;136,08 36 49 p. m.
303;08:36:53;;303,08 36 53 p. m.
51;08:36:53;;51,08 36 53 p. m.
598;08:36:57;;598,08 36 57 p. m.
490;08:37:05;;490,08 37 05 p. m.
51;08:37:29;;51,08 37 29 p. m.
231;08:37:31;;231,08 37 31 p. m.
816;08:37:31;;816,08 37 31 p. m.
51;08:37:45;;51,08 37 45 p. m.
718;08:37:46;;718,08 37 46 p. m.
300;08:37:58;;300,08 37 58 p. m.
636;08:37:59;;636,08 37 59 p. m.
241;08:38:08;;241,08 38 08 p. m.
185;08:38:37;;185,08 38 37 p. m.
887;08:38:47;;887,08 38 47 p. m.
51;08:39:01;;51,08 39 01 p. m.
540;08:39:05;;540,08 39 05 p. m.
51;08:39:05;;51,08 39 05 p. m.
343;08:39:11;;343,08 39 11 p. m.
41;08:39:08;;41,08 39 08 p. m.
159;08:39:17;;159,08 39 17 p. m.
300;08:39:21;;300,08 39 21 p. m.
51;08:39:23;;51,08 39 23 p. m.
849;08:39:26;;849,08 39 26 p. m.
234;08:39:54;;234,08 39 54 p. m.
352;08:39:59;;352,08 39 59 p. m.
69;08:40:35;;69,08 40 35 p. m.
462;08:40:37;;462,08 40 37 p. m.
937;08:40:39;;937,08 40 39 p. m.
557;08:40:45;;557,08 40 45 p. m.
231;08:40:56;;231,08 40 56 p. m.
874;08:41:00;;874,08 41 00 p. m.
921;08:41:03;;921,08 41 03 p. m.
861;08:41:10;;861,08 41 10 p. m.
51;08:41:11;;51,08 41 11 p. m.
540;08:41:14;;540,08 41 14 p. m.
552;08:41:23;;552,08 41 23 p. m.
676;08:41:27;;676,08 41 27 p. m.
340;08:41:37;;340,08 41 37 p. m.
51;08:41:44;;51,08 41 44 p. m.
241;08:41:46;;241,08 41 46 p. m.
600;08:42:07;;600,08 42 07 p. m.
242;08:42:07;;242,08 42 07 p. m.
231;08:42:11;;231,08 42 11 p. m.
51;08:42:21;;51,08 42 21 p. m.
992;08:42:47;;992,08 42 47 p. m.
343;08:43:02;;343,08 43 02 p. m.
146;08:43:06;;146,08 43 06 p. m.
500;08:43:07;;500,08 43 07 p. m.
594;08:43:11;;594,08 43 11 p. m.
1004;08:43:08;;1004,08 43 08 p. m.
998;08:43:24;;998,08 43 24 p. m.
932;08:43:31;;932,08 43 31 p. m.
83;08:43:34;;83,08 43 34 p. m.
87;08:43:39;;87,08 43 39 p. m.
51;08:43:45;;51,08 43 45 p. m.
51;08:43:56;;51,08 43 56 p. m.
575;08:44:02;;575,08 44 02 p. m.
343;08:44:03;;343,08 44 03 p. m.
51;08:44:16;;51,08 44 16 p. m.
51;08:44:16;;51,08 44 16 p. m.
557;08:44:26;;557,08 44 26 p. m.
625;08:44:28;;625,08 44 28 p. m.
51;08:44:30;;51,08 44 30 p. m.
51;08:44:33;;51,08 44 33 p. m.
154;08:44:51;;154,08 44 51 p. m.
343;08:44:52;;343,08 44 52 p. m.
734;08:44:53;;734,08 44 53 p. m.
625;08:44:59;;625,08 44 59 p. m.
131;08:44:59;;131,08 44 59 p. m.
51;08:45:02;;51,08 45 02 p. m.
566;08:45:10;;566,08 45 10 p. m.
51;08:45:19;;51,08 45 19 p. m.
350;08:45:30;;350,08 45 30 p. m.
259;08:45:33;;259,08 45 33 p. m.
25;08:45:37;;25,08 45 37 p. m.
684;08:45:37;;684,08 45 37 p. m.
343;08:45:46;;343,08 45 46 p. m.
136;08:45:52;;136,08 45 52 p. m.
154;08:45:53;;154,08 45 53 p. m.
87;08:45:58;;87,08 45 58 p. m.
25;08:46:15;;25,08 46 15 p. m.
142;08:46:17;;142,08 46 17 p. m.
1003;08:46:18;;1003,08 46 18 p. m.
541;08:46:19;;541,08 46 19 p. m.
69;08:46:25;;69,08 46 25 p. m.
613;08:46:32;;613,08 46 32 p. m.
241;08:46:43;;241,08 46 43 p. m.
541;08:46:45;;541,08 46 45 p. m.
534;08:46:50;;534,08 46 50 p. m.
816;08:46:59;;816,08 46 59 p. m.
51;08:47:01;;51,08 47 01 p. m.
675;08:47:09;;675,08 47 09 p. m.
613;08:47:22;;613,08 47 22 p. m.
707;08:47:24;;707,08 47 24 p. m.
1004;08:47:29;;1004,08 47 29 p. m.
868;08:47:29;;868,08 47 29 p. m.
78;08:47:33;;78,08 47 33 p. m.
69;08:47:37;;69,08 47 37 p. m.
51;08:47:39;;51,08 47 39 p. m.
51;08:47:41;;51,08 47 41 p. m.
343;08:47:45;;343,08 47 45 p. m.
500;08:48:01;;500,08 48 01 p. m.
618;08:48:03;;618,08 48 03 p. m.
458;08:48:11;;458,08 48 11 p. m.
350;08:48:14;;350,08 48 14 p. m.
921;08:48:24;;921,08 48 24 p. m.
22;08:48:37;;22,08 48 37 p. m.
608;08:48:50;;608,08 48 50 p. m.
187;08:48:57;;187,08 48 57 p. m.
136;08:49:01;;136,08 49 01 p. m.
566;08:49:09;;566,08 49 09 p. m.
51;08:49:10;;51,08 49 10 p. m.
367;08:49:16;;367,08 49 16 p. m.
330;08:49:16;;330,08 49 16 p. m.
432;08:49:21;;432,08 49 21 p. m.
837;08:49:28;;837,08 49 28 p. m.
401;08:49:47;;401,08 49 47 p. m.
970;08:50:02;;970,08 50 02 p. m.
816;08:50:30;;816,08 50 30 p. m.
566;08:50:30;;566,08 50 30 p. m.
401;08:50:35;;401,08 50 35 p. m.
154;08:50:41;;154,08 50 41 p. m.
932;08:50:42;;932,08 50 42 p. m.
887;08:50:44;;887,08 50 44 p. m.
77;08:50:50;;77,08 50 50 p. m.
145;08:51:02;;145,08 51 02 p. m.
87;08:51:05;;87,08 51 05 p. m.
51;08:51:05;;51,08 51 05 p. m.
534;08:51:08;;534,08 51 08 p. m.
673;08:51:18;;673,08 51 18 p. m.
998;08:51:35;;998,08 51 35 p. m.
154;08:51:54;;154,08 51 54 p. m.
51;08:51:59;;51,08 51 59 p. m.
51;08:52:13;;51,08 52 13 p. m.
136;08:52:17;;136,08 52 17 p. m.
51;08:52:21;;51,08 52 21 p. m.
965;08:52:22;;965,08 52 22 p. m.
166;08:52:24;;166,08 52 24 p. m.
51;08:52:39;;51,08 52 39 p. m.
327;08:52:42;;327,08 52 42 p. m.
673;08:53:09;;673,08 53 09 p. m.
557;08:53:14;;557,08 53 14 p. m.
722;08:53:15;;722,08 53 15 p. m.
532;08:53:45;;532,08 53 45 p. m.
51;08:53:48;;51,08 53 48 p. m.
51;08:53:51;;51,08 53 51 p. m.
47;08:53:55;;47,08 53 55 p. m.
51;08:54:06;;51,08 54 06 p. m.
613;08:54:16;;613,08 54 16 p. m.
51;08:54:25;;51,08 54 25 p. m.
571;08:55:19;;571,08 55 19 p. m.
676;08:55:25;;676,08 55 25 p. m.
51;08:55:25;;51,08 55 25 p. m.
446;08:55:39;;446,08 55 39 p. m.
498;08:55:50;;498,08 55 50 p. m.
343;08:55:58;;343,08 55 58 p. m.
416;08:56:00;;416,08 56 00 p. m.
992;08:56:02;;992,08 56 02 p. m.
541;08:56:05;;541,08 56 05 p. m.
446;08:56:07;;446,08 56 07 p. m.
51;08:56:08;;51,08 56 08 p. m.
469;08:56:18;;469,08 56 18 p. m.
926;08:56:43;;926,08 56 43 p. m.
372;08:56:57;;372,08 56 57 p. m.
613;08:57:08;;613,08 57 08 p. m.
432;08:57:09;;432,08 57 09 p. m.
401;08:57:15;;401,08 57 15 p. m.
636;08:57:19;;636,08 57 19 p. m.
51;08:57:23;;51,08 57 23 p. m.
157;08:57:38;;157,08 57 38 p. m.
51;08:57:59;;51,08 57 59 p. m.
926;08:58:00;;926,08 58 00 p. m.
159;08:58:09;;159,08 58 09 p. m.
263;08:58:20;;263,08 58 20 p. m.
970;08:58:22;;970,08 58 22 p. m.
619;08:58:41;;619,08 58 41 p. m.
79;08:59:00;;79,08 59 00 p. m.
136;08:00:10;;136,08 00 10 p. m.
372;08:00:25;;372,08 00 25 p. m.
921;08:00:41;;921,08 00 41 p. m.
154;08:00:43;;154,08 00 43 p. m.
778;08:00:47;;778,08 00 47 p. m.
739;08:00:50;;739,08 00 50 p. m.
136;08:00:57;;136,08 00 57 p. m.
618;08:01:09;;618,08 01 09 p. m.
574;08:01:32;;574,08 01 32 p. m.
711;08:02:04;;711,08 02 04 p. m.
343;08:02:09;;343,08 02 09 p. m.
452;08:02:16;;452,08 02 16 p. m.
198;08:02:20;;198,08 02 20 p. m.
900;08:02:28;;900,08 02 28 p. m.
566;08:02:32;;566,08 02 32 p. m.
136;08:02:34;;136,08 02 34 p. m.
131;08:02:47;;131,08 02 47 p. m.
343;08:02:55;;343,08 02 55 p. m.
108;08:02:57;;108,08 02 57 p. m.
574;08:03:53;;574,08 03 53 p. m.
961;08:03:59;;961,08 03 59 p. m.
41;08:04:16;;41,08 04 16 p. m.
433;08:05:03;;433,08 05 03 p. m.
115;08:05:21;;115,08 05 21 p. m.
566;08:05:25;;566,08 05 25 p. m.
343;08:05:32;;343,08 05 32 p. m.
402;08:05:33;;402,08 05 33 p. m.
407;08:05:36;;407,08 05 36 p. m.
558;08:05:37;;558,08 05 37 p. m.
136;08:05:54;;136,08 05 54 p. m.
087;08:06:00;;087,08 06 00 p. m.
356;08:06:08;;356,08 06 08 p. m.
845;08:06:33;;845,08 06 33 p. m.
469;08:06:38;;469,08 06 38 p. m.
547;08:07:29;;547,08 07 29 p. m.
10;08:07:31;;10,08 07 31 p. m.
136;08:07:47;;136,08 07 47 p. m.
628;08:08:05;;628,08 08 05 p. m.
925;08:08:06;;925,08 08 06 p. m.
673;08:08:09;;673,08 08 09 p. m.
92;08:08:25;;92,08 08 25 p. m.
940;08:08:27;;940,08 08 27 p. m.
402;08:08:39;;402,08 08 39 p. m.
85;08:08:41;;85,08 08 41 p. m.
739;08:08:51;;739,08 08 51 p. m.
152;08:08:59;;152,08 08 59 p. m.
925;08:09:06;;925,08 09 06 p. m.
462;08:09:13;;462,08 09 13 p. m.
161;08:09:36;;161,08 09 36 p. m.
921;08:09:43;;921,08 09 43 p. m.
606;08:09:51;;606,08 09 51 p. m.
665;08:09:51;;665,08 09 51 p. m.
837;08:10:26;;837,08 10 26 p. m.
566;08:10:29;;566,08 10 29 p. m.
571;08:11:03;;571,08 11 03 p. m.
734;08:11:17;;734,08 11 17 p. m.
231;08:11:29;;231,08 11 29 p. m.
892;08:11:37;;892,08 11 37 p. m.
300;08:11:38;;300,08 11 38 p. m.
431;08:11:46;;431,08 11 46 p. m.
333;08:11:52;;333,08 11 52 p. m.
136;08:11:53;;136,08 11 53 p. m.
25;08:11:55;;25,08 11 55 p. m.
679;08:11:58;;679,08 11 58 p. m.
136;08:08:02;;136,08 08 02 p. m.
547;08:08:34;;547,08 08 34 p. m.
402;08:08:40;;402,08 08 40 p. m.
231;08:08:44;;231,08 08 44 p. m.
85;08:13:27;;85,08 13 27 p. m.
747;08:13:30;;747,08 13 30 p. m.
343;08:13:49;;343,08 13 49 p. m.
966;08:13:50;;966,08 13 50 p. m.
376;08:14:00;;376,08 14 00 p. m.
868;08:14:11;;868,08 14 11 p. m.
703;08:14:11;;703,08 14 11 p. m.
343;08:14:17;;343,08 14 17 p. m.
35;08:14:25;;35,08 14 25 p. m.
32;08:14:34;;32,08 14 34 p. m.
1004;08:14:37;;1004,08 14 37 p. m.
231;08:14:38;;231,08 14 38 p. m.
891;08:14:55;;891,08 14 55 p. m.
088;08:14:57;;088,08 14 57 p. m.
136;08:15:06;;136,08 15 06 p. m.
315;08:15:07;;315,08 15 07 p. m.
303;08:15:27;;303,08 15 27 p. m.
950;08:15:38;;950,08 15 38 p. m.
925;08:15:43;;925,08 15 43 p. m.
403;08:16:01;;403,08 16 01 p. m.
343;08:16:02;;343,08 16 02 p. m.
926;08:16:04;;926,08 16 04 p. m.
961;08:16:10;;961,08 16 10 p. m.
332;08:16:21;;332,08 16 21 p. m.
343;08:16:52;;343,08 16 52 p. m.
568;08:16:54;;568,08 16 54 p. m.
21;08:16:57;;21,08 16 57 p. m.
136;08:17:08;;136,08 17 08 p. m.
452;08:17:14;;452,08 17 14 p. m.
13;08:17:22;;13,08 17 22 p. m.
231;08:17:31;;231,08 17 31 p. m.
343;08:17:33;;343,08 17 33 p. m.
089;08:18:41;;089,08 18 41 p. m.
995;08:18:53;;995,08 18 53 p. m.
653;08:18:54;;653,08 18 54 p. m.
432;08:19:10;;432,08 19 10 p. m.
566;08:19:17;;566,08 19 17 p. m.
136;08:19:17;;136,08 19 17 p. m.
356;08:19:28;;356,08 19 28 p. m.
676;08:19:51;;676,08 19 51 p. m.
1003;08:19:56;;1003,08 19 56 p. m.
136;08:20:17;;136,08 20 17 p. m.
540;08:20:22;;540,08 20 22 p. m.
739;08:20:36;;739,08 20 36 p. m.
675;08:20:43;;675,08 20 43 p. m.
35;08:20:45;;35,08 20 45 p. m.
718;08:20:50;;718,08 20 50 p. m.
136;08:20:51;;136,08 20 51 p. m.
676;08:21:05;;676,08 21 05 p. m.
550;08:21:07;;550,08 21 07 p. m.
664;08:21:22;;664,08 21 22 p. m.
343;08:21:47;;343,08 21 47 p. m.
154;08:21:56;;154,08 21 56 p. m.
235;08:22:00;;235,08 22 00 p. m.
588;08:22:03;;588,08 22 03 p. m.
550;08:22:05;;550,08 22 05 p. m.
843;08:22:34;;843,08 22 34 p. m.
151;08:22:44;;151,08 22 44 p. m.
432;08:22:46;;432,08 22 46 p. m.
606;08:22:47;;606,08 22 47 p. m.
777;08:22:51;;777,08 22 51 p. m.
573;08:22:51;;573,08 22 51 p. m.
574;08:22:54;;574,08 22 54 p. m.
628;08:23:26;;628,08 23 26 p. m.
516;08:23:37;;516,08 23 37 p. m.
849;08:23:39;;849,08 23 39 p. m.
343;08:23:41;;343,08 23 41 p. m.
950;08:23:57;;950,08 23 57 p. m.
136;08:23:58;;136,08 23 58 p. m.
516;08:24:13;;516,08 24 13 p. m.
892;08:24:28;;892,08 24 28 p. m.
41;08:24:31;;41,08 24 31 p. m.
38;08:24:33;;38,08 24 33 p. m.
850;08:24:41;;850,08 24 41 p. m.
849;08:25:00;;849,08 25 00 p. m.
900;08:25:07;;900,08 25 07 p. m.
919;08:25:08;;919,08 25 08 p. m.
161;08:25:11;;161,08 25 11 p. m.
91;08:25:14;;91,08 25 14 p. m.
087;08:25:16;;087,08 25 16 p. m.
332;08:25:30;;332,08 25 30 p. m.
675;08:25:57;;675,08 25 57 p. m.
666;08:26:04;;666,08 26 04 p. m.
853;08:26:06;;853,08 26 06 p. m.
220;08:26:08;;220,08 26 08 p. m.
303;08:26:19;;303,08 26 19 p. m.
816;08:26:27;;816,08 26 27 p. m.
643;08:26:42;;643,08 26 42 p. m.
675;08:26:43;;675,08 26 43 p. m.
891;08:26:52;;891,08 26 52 p. m.
824;08:26:53;;824,08 26 53 p. m.
558;08:26:55;;558,08 26 55 p. m.
089;08:27:01;;089,08 27 01 p. m.
136;08:27:21;;136,08 27 21 p. m.
625;08:27:29;;625,08 27 29 p. m.
185;08:27:39;;185,08 27 39 p. m.
850;08:27:45;;850,08 27 45 p. m.
605;08:27:57;;605,08 27 57 p. m.
259;08:28:00;;259,08 28 00 p. m.
92;08:28:09;;92,08 28 09 p. m.
628;08:28:16;;628,08 28 16 p. m.
633;08:28:57;;633,08 28 57 p. m.
446;08:29:00;;446,08 29 00 p. m.
213;08:29:02;;213,08 29 02 p. m.
637;08:29:02;;637,08 29 02 p. m.
941;08:29:02;;941,08 29 02 p. m.
770;08:29:05;;770,08 29 05 p. m.
573;08:29:14;;573,08 29 14 p. m.
734;08:29:26;;734,08 29 26 p. m.
294;08:29:37;;294,08 29 37 p. m.
332;08:29:47;;332,08 29 47 p. m.
467;08:29:52;;467,08 29 52 p. m.
231;08:29:53;;231,08 29 53 p. m.
343;08:29:57;;343,08 29 57 p. m.
615;08:29:59;;615,08 29 59 p. m.
794;08:30:03;;794,08 30 03 p. m.
136;08:30:13;;136,08 30 13 p. m.
625;08:30:15;;625,08 30 15 p. m.
213;08:30:34;;213,08 30 34 p. m.
637;08:30:34;;637,08 30 34 p. m.
941;08:30:34;;941,08 30 34 p. m.
36;08:30:51;;36,08 30 51 p. m.
819;08:30:51;;819,08 30 51 p. m.
213;08:31:01;;213,08 31 01 p. m.
637;08:31:01;;637,08 31 01 p. m.
941;08:31:01;;941,08 31 01 p. m.
699;08:31:07;;699,08 31 07 p. m.
739;08:31:15;;739,08 31 15 p. m.
467;08:31:18;;467,08 31 18 p. m.
85;08:31:30;;85,08 31 30 p. m.
462;08:31:48;;462,08 31 48 p. m.
259;08:32:16;;259,08 32 16 p. m.
566;08:32:21;;566,08 32 21 p. m.
252;08:32:35;;252,08 32 35 p. m.
220;08:32:39;;220,08 32 39 p. m.
343;08:33:01;;343,08 33 01 p. m.
518;08:33:14;;518,08 33 14 p. m.
819;08:33:19;;819,08 33 19 p. m.
340;08:33:21;;340,08 33 21 p. m.
769;08:33:28;;769,08 33 28 p. m.
159;08:33:36;;159,08 33 36 p. m.
107;08:33:46;;107,08 33 46 p. m.
845;08:33:58;;845,08 33 58 p. m.
407;08:34:03;;407,08 34 03 p. m.
455;08:34:22;;455,08 34 22 p. m.
874;08:34:40;;874,08 34 40 p. m.
706;08:34:41;;706,08 34 41 p. m.
606;08:34:57;;606,08 34 57 p. m.
58;08:34:58;;58,08 34 58 p. m.
849;08:34:59;;849,08 34 59 p. m.
51;08:35:00;;51,08 35 00 p. m.
252;08:35:05;;252,08 35 05 p. m.
087;08:35:06;;087,08 35 06 p. m.
897;08:35:06;;897,08 35 06 p. m.
747;08:35:08;;747,08 35 08 p. m.
291;08:35:10;;291,08 35 10 p. m.
287;08:35:16;;287,08 35 16 p. m.
664;08:35:16;;664,08 35 16 p. m.
51;08:35:55;;51,08 35 55 p. m.
51;08:35:56;;51,08 35 56 p. m.
173;08:35:59;;173,08 35 59 p. m.
259;08:36:21;;259,08 36 21 p. m.
343;08:36:29;;343,08 36 29 p. m.
444;08:36:36;;444,08 36 36 p. m.
566;08:36:38;;566,08 36 38 p. m.
446;08:36:39;;446,08 36 39 p. m.
571;08:36:43;;571,08 36 43 p. m.
547;08:36:44;;547,08 36 44 p. m.
896;08:36:47;;896,08 36 47 p. m.
432;08:36:54;;432,08 36 54 p. m.
136;08:36:59;;136,08 36 59 p. m.
51;08:37:00;;51,08 37 00 p. m.
610;08:37:03;;610,08 37 03 p. m.
51;08:37:04;;51,08 37 04 p. m.
213;08:37:05;;213,08 37 05 p. m.
637;08:37:05;;637,08 37 05 p. m.
941;08:37:05;;941,08 37 05 p. m.
411;08:37:08;;411,08 37 08 p. m.
850;08:37:18;;850,08 37 18 p. m.
51;08:37:21;;51,08 37 21 p. m.
90;08:37:26;;90,08 37 26 p. m.
343;08:37:28;;343,08 37 28 p. m.
51;08:37:43;;51,08 37 43 p. m.
259;08:37:48;;259,08 37 48 p. m.
908;08:37:57;;908,08 37 57 p. m.
136;08:38:03;;136,08 38 03 p. m.
231;08:38:14;;231,08 38 14 p. m.
51;08:38:19;;51,08 38 19 p. m.
17;08:38:22;;17,08 38 22 p. m.
350;08:38:32;;350,08 38 32 p. m.
343;08:38:36;;343,08 38 36 p. m.
136;08:38:40;;136,08 38 40 p. m.
136;08:38:55;;136,08 38 55 p. m.
467;08:38:56;;467,08 38 56 p. m.
36;08:38:58;;36,08 38 58 p. m.
51;08:39:00;;51,08 39 00 p. m.
51;08:39:39;;51,08 39 39 p. m.
31;08:39:47;;31,08 39 47 p. m.
291;08:39:48;;291,08 39 48 p. m.
639;08:39:53;;639,08 39 53 p. m.
343;08:40:17;;343,08 40 17 p. m.
92;08:40:30;;92,08 40 30 p. m.
816;08:40:32;;816,08 40 32 p. m.
115;08:40:42;;115,08 40 42 p. m.
615;08:41:06;;615,08 41 06 p. m.
51;08:41:28;;51,08 41 28 p. m.
843;08:41:45;;843,08 41 45 p. m.
51;08:41:45;;51,08 41 45 p. m.
173;08:41:53;;173,08 41 53 p. m.
198;08:42:02;;198,08 42 02 p. m.
59;08:42:37;;59,08 42 37 p. m.
401;08:42:39;;401,08 42 39 p. m.
51;08:42:39;;51,08 42 39 p. m.
17;08:42:43;;17,08 42 43 p. m.
891;08:42:54;;891,08 42 54 p. m.
664;08:43:13;;664,08 43 13 p. m.
588;08:43:15;;588,08 43 15 p. m.
343;08:43:15;;343,08 43 15 p. m.
386;08:43:18;;386,08 43 18 p. m.
900;08:43:23;;900,08 43 23 p. m.
90;08:43:40;;90,08 43 40 p. m.
845;08:43:41;;845,08 43 41 p. m.
136;08:43:42;;136,08 43 42 p. m.
51;08:43:48;;51,08 43 48 p. m.
516;08:43:50;;516,08 43 50 p. m.
235;08:43:52;;235,08 43 52 p. m.
843;08:43:53;;843,08 43 53 p. m.
868;08:43:56;;868,08 43 56 p. m.
343;08:44:07;;343,08 44 07 p. m.
703;08:44:15;;703,08 44 15 p. m.
235;08:44:24;;235,08 44 24 p. m.
32;08:44:29;;32,08 44 29 p. m.
291;08:44:30;;291,08 44 30 p. m.
235;08:44:34;;235,08 44 34 p. m.
402;08:44:56;;402,08 44 56 p. m.
13;08:45:00;;13,08 45 00 p. m.
343;08:45:13;;343,08 45 13 p. m.
161;08:45:16;;161,08 45 16 p. m.
51;08:45:23;;51,08 45 23 p. m.
303;08:45:39;;303,08 45 39 p. m.
177;08:45:44;;177,08 45 44 p. m.
247;08:45:46;;247,08 45 46 p. m.
345;08:45:47;;345,08 45 47 p. m.
550;08:45:52;;550,08 45 52 p. m.
51;08:45:55;;51,08 45 55 p. m.
343;08:45:59;;343,08 45 59 p. m.
51;08:46:04;;51,08 46 04 p. m.
247;08:46:15;;247,08 46 15 p. m.
868;08:46:15;;868,08 46 15 p. m.
892;08:46:25;;892,08 46 25 p. m.
327;08:46:28;;327,08 46 28 p. m.
982;08:46:33;;982,08 46 33 p. m.
769;08:46:40;;769,08 46 40 p. m.
615;08:47:00;;615,08 47 00 p. m.
411;08:47:16;;411,08 47 16 p. m.
51;08:47:39;;51,08 47 39 p. m.
393;08:47:45;;393,08 47 45 p. m.
432;08:47:49;;432,08 47 49 p. m.
966;08:48:23;;966,08 48 23 p. m.
152;08:48:30;;152,08 48 30 p. m.
51;08:48:35;;51,08 48 35 p. m.
51;08:48:35;;51,08 48 35 p. m.
926;08:48:37;;926,08 48 37 p. m.
51;08:48:41;;51,08 48 41 p. m.
51;08:49:01;;51,08 49 01 p. m.
21;08:49:02;;21,08 49 02 p. m.
51;08:49:13;;51,08 49 13 p. m.
51;08:49:19;;51,08 49 19 p. m.
199;08:49:23;;199,08 49 23 p. m.
36;08:49:24;;36,08 49 24 p. m.
393;08:49:26;;393,08 49 26 p. m.
739;08:49:31;;739,08 49 31 p. m.
90;08:49:32;;90,08 49 32 p. m.
51;08:49:40;;51,08 49 40 p. m.
161;08:49:41;;161,08 49 41 p. m.
837;08:49:47;;837,08 49 47 p. m.
948;08:49:50;;948,08 49 50 p. m.
159;08:50:03;;159,08 50 03 p. m.
366;08:50:08;;366,08 50 08 p. m.
355;08:50:15;;355,08 50 15 p. m.
734;08:50:30;;734,08 50 30 p. m.
466;08:50:37;;466,08 50 37 p. m.
769;08:50:37;;769,08 50 37 p. m.
51;08:50:39;;51,08 50 39 p. m.
338;08:50:42;;338,08 50 42 p. m.
51;08:50:47;;51,08 50 47 p. m.
51;08:50:49;;51,08 50 49 p. m.
51;08:51:17;;51,08 51 17 p. m.
231;08:51:21;;231,08 51 21 p. m.
51;08:51:23;;51,08 51 23 p. m.
51;08:51:32;;51,08 51 32 p. m.
115;08:51:36;;115,08 51 36 p. m.
51;08:51:40;;51,08 51 40 p. m.
136;08:51:41;;136,08 51 41 p. m.
246;08:51:46;;246,08 51 46 p. m.
85;08:52:09;;85,08 52 09 p. m.
287;08:52:13;;287,08 52 13 p. m.
303;08:52:26;;303,08 52 26 p. m.
897;08:52:33;;897,08 52 33 p. m.
919;08:52:51;;919,08 52 51 p. m.
92;08:52:56;;92,08 52 56 p. m.
51;08:52:58;;51,08 52 58 p. m.
51;08:53:10;;51,08 53 10 p. m.
92;08:53:34;;92,08 53 34 p. m.
739;08:53:45;;739,08 53 45 p. m.
739;08:53:45;;739,08 53 45 p. m.
343;08:53:48;;343,08 53 48 p. m.
51;08:53:52;;51,08 53 52 p. m.
51;08:53:58;;51,08 53 58 p. m.
338;08:54:05;;338,08 54 05 p. m.
92;08:54:08;;92,08 54 08 p. m.
693;08:54:08;;693,08 54 08 p. m.
393;08:54:15;;393,08 54 15 p. m.
345;08:54:17;;345,08 54 17 p. m.
83;08:54:25;;83,08 54 25 p. m.
1011;08:54:25;;1011,08 54 25 p. m.
685;08:54:50;;685,08 54 50 p. m.
58;08:54:51;;58,08 54 51 p. m.
51;08:54:53;;51,08 54 53 p. m.
283;08:55:16;;283,08 55 16 p. m.
51;08:55:42;;51,08 55 42 p. m.
51;08:55:45;;51,08 55 45 p. m.
338;08:55:49;;338,08 55 49 p. m.
703;08:56:07;;703,08 56 07 p. m.
977;08:56:14;;977,08 56 14 p. m.
469;08:56:18;;469,08 56 18 p. m.
108;08:56:26;;108,08 56 26 p. m.
252;08:56:36;;252,08 56 36 p. m.
847;08:56:38;;847,08 56 38 p. m.
51;08:56:40;;51,08 56 40 p. m.
51;08:56:42;;51,08 56 42 p. m.
23;08:56:48;;23,08 56 48 p. m.
199;08:56:49;;199,08 56 49 p. m.
259;08:57:14;;259,08 57 14 p. m.
837;08:57:17;;837,08 57 17 p. m.
51;08:57:26;;51,08 57 26 p. m.
555;08:57:27;;555,08 57 27 p. m.
51;08:57:43;;51,08 57 43 p. m.
220;08:57:48;;220,08 57 48 p. m.
32;08:57:55;;32,08 57 55 p. m.
31;08:58:04;;31,08 58 04 p. m.
466;08:58:13;;466,08 58 13 p. m.
59;08:58:13;;59,08 58 13 p. m.
252;08:58:20;;252,08 58 20 p. m.
847;08:58:23;;847,08 58 23 p. m.
51;08:58:40;;51,08 58 40 p. m.
185;08:58:47;;185,08 58 47 p. m.
958;08:58:48;;958,08 58 48 p. m.
794;08:58:49;;794,08 58 49 p. m.
51;08:58:49;;51,08 58 49 p. m.
676;08:58:52;;676,08 58 52 p. m.
900;08:58:53;;900,08 58 53 p. m.
154;08:58:57;;154,08 58 57 p. m.
977;08:59:00;;977,08 59 00 p. m.
